index,Unnamed: 0,adj neg air pressure raw,adj neg air pressure,current alarm mode,cont air counts raw,cont air counts,makeup wtr cond down raw,makeup wtr cond down,makeup wtr cond up raw,makeup wtr cond up,makeup wtr temp down,makeup wtr temp down raw,makeup wtr temp up,makeup wtr temp up raw,DAS health index,0-15 channel error,16-31 channel error status,error detection status 2,card temperature 2,error detection status 3,card temperature 3,error detection status 4,card temperature 4,error detection status 5,card temperature 5,fc positioning 10V supply,fiss-active-state,fiss-position,mag-current,mag-current-raw,mstat,nfd-1-cps,nfd-1cps-raw,nfd-1-cr,nfd-1-cr-raw,nfd-2-cr,nfd-2-cr-raw,nfd-2-log,nfd-2-log-raw,nfd-3-pwr,nfd-3-pwr-raw,nfd-3-pwr-rng,nfd-4-flux,nfd-4-flux-raw,ram-con-lvl,rom-con-lvl-raw,ram-pool-lvl,ram-pool-lvl-raw,ram-wtr-lvl,ram-wtr-lvl-raw,rcs-scram-rel-q,rcs-scram-st-q,rr-active-state,rr-position,rtpbtempa_00,rtpbtempb_00,rtpctempa_00,rtpctempb_00,rtphactcnta_00,rtphactcntb_00,src-active-state,src-position,ss1-active-state,ss1-position,ss2-active-state,ss2-position,ack-button,manual-scram
0.0,0.35143867615596214,0.914342068188222,0.9144144144144144,0.0,0.1875000000000071,0.19565217391306078,0.2690582959641148,0.2690582959641219,0.0045385779122533165,0.004538577912254205,0.48012193572970574,0.479365079365067,0.2821642580190371,0.2819383259911774,0.0,0.0,0.0,0.0,0.5384615384615383,0.0,0.5,0.0,0.4615384615384599,0.0,0.5333333333333332,0.0,0.0,0.03468035575717782,0.3106402164111728,0.31081081081080697,0.0,2.3746035559148155e-08,0.00015487068297970197,0.48008547785759753,0.48010002083767445,0.48136903118962193,0.4812753036437245,3.6622658438776087e-06,0.02569133380224331,0.0,0.07666738151404673,1.0,2.2137549711821183e-05,0.0,0.2081238688920169,0.640908098668413,0.008442175517690997,0.37558327487877025,0.4621342512908778,0.6961428884505809,0.0,0.0,0.0,0.4354136429607962,0.5,0.5,0.5,0.5,0.4285714285714286,0.0,0.0,0.0,0.0,0.7799999999988358,0.0,0.1348304493598267,0.0,1.0
1.1890125726221612e-06,0.3514823385582675,0.9132149901380668,0.9132882882882882,0.0,0.375,0.39130434782612156,0.29596412556053053,0.29596412556053764,0.0045385779122533165,0.004538577912254205,0.39578305601422414,0.39682539682537765,0.2615438843849134,0.26431718061674303,0.0,0.0,0.0,0.0,0.4615384615384617,0.0,0.5,0.0,0.4615384615384599,0.0,0.4666666666666668,0.0,0.0,0.03503850056706262,0.31109107303873884,0.31081081081080697,0.0,7.466525117854411e-08,0.0004646120489391059,0.4842229699008821,0.4842675557407792,0.48711012972674583,0.4870951417004048,3.6622658438776087e-06,0.026505756487617105,0.0,0.07993780827793262,1.0,9.896786929990641e-05,9.766578767456124e-05,0.23989543535089483,0.6724514298188169,0.00904992375522111,0.3843362103144347,0.387263339070568,0.6326977865439407,0.0,0.0,0.0,0.4351233671988268,0.5,0.5,0.5,0.5,0.1428571428571428,0.0,0.0,0.0,0.0,0.8800000000010186,0.0,0.13469543889651447,0.0,0.0
2.3780251452443224e-06,0.35152600096057285,0.9132149901380668,0.9132882882882882,0.0,0.4375000000000071,0.4347826086956843,0.2869955156950539,0.286995515695061,0.004034291477557517,0.004034291477559293,0.2500952622888306,0.25079365079363924,0.2536129714487174,0.25550660792951874,0.0,0.0,0.0,0.0,0.5384615384615383,0.0,0.5,0.0,0.4615384615384599,0.0,0.5333333333333332,0.0,0.0,0.03491911896376768,0.3119927862939278,0.31081081081080697,0.0,1.6350119951114374e-07,0.0009808476588715198,0.4902928071292171,0.490310481350281,0.4905327077008005,0.4903846153846154,3.6622658438776087e-06,0.02709806389516156,0.0,0.08342268925584395,1.0,0.00015235843036959294,0.00014649868151184187,0.23768349085059318,0.6702685003274393,0.00837587570996044,0.37466833389246385,0.6110154905335629,0.8013368397983782,0.0,0.0,0.0,0.4351233671988268,0.5,0.5,0.5,0.5,0.5714285714285714,0.0,0.0,0.0,0.0,0.7600000000002183,0.0,0.13474044238428462,0.0,0.0
3.5670377178664836e-06,0.35156966336287826,0.9130741053817977,0.9132882882882882,0.0,0.5,0.45652173913043725,0.27802690582959144,0.27802690582959144,0.004034291477557517,0.004034291477559293,0.1531817604470973,0.15238095238093763,0.26735988720479753,0.2687224669603552,0.0,0.0,0.0,0.0,0.5384615384615383,0.0,0.5,0.0,0.4615384615384599,0.0,0.5333333333333332,0.0,0.0,0.03462066495553036,0.31109107303873884,0.31081081081080697,0.0,2.6528509494966725e-07,0.0016519539517836357,0.4895653360007275,0.4896853511148156,0.4964946177201215,0.49645748987854255,3.6622658438776087e-06,0.027801428941620743,0.0,0.08615698048466658,1.0,0.00016407830962879234,0.00014649868151184187,0.33299819022722704,0.746234446627374,0.008000176799487281,0.3689652017444874,0.53184165232358,0.7479728248959019,0.0,0.0,0.0,0.43483309143685744,0.5,0.5,0.5,0.5,0.2857142857142856,0.0,0.0,0.0,0.0,0.8600000000005821,0.0,0.1347629441281697,0.0,0.0
4.756050290488645e-06,0.3516133257651836,0.9119470273316426,0.9110360360360361,0.0,0.3125,0.326086956521749,0.25560538116592113,0.2556053811659069,0.0045385779122533165,0.004538577912254205,0.3100469960624892,0.3111111111111029,0.29820232640112465,0.299559471365626,0.0,0.0,0.0,0.0,0.5384615384615383,0.0,0.571428571428573,0.0,0.4615384615384599,0.0,0.4666666666666668,0.0,0.0,0.03438190174894049,0.3119927862939278,0.31531531531530277,0.0,3.875199154889892e-07,0.0023746838056888375,0.4796762753478222,0.4796832673473639,0.4996135799061552,0.49949392712550633,3.6622658438776087e-06,0.0284307555621367,1.2199674512683967e-06,0.08964186146257769,1.0,0.00013022088065777165,9.766578767456124e-05,0.362959983913131,0.7657716655752018,0.006663130676921036,0.3463966574155967,0.5206540447504303,0.740083278544817,0.0,0.0,0.0,0.4333817126269963,0.5,0.5,0.5,0.5,0.2857142857142856,0.0,0.0,0.0,0.0,0.7799999999988358,0.0,0.13474044238428462,0.0,0.0
5.945062863110806e-06,0.35165698816748897,0.9118061425753734,0.9110360360360361,0.0,0.3125,0.28260869565218627,0.26008968609863814,0.26008968609864525,0.00504286434694734,0.005042864346949116,0.4877429188365312,0.48888888888888005,0.2886852308776895,0.2907488986784017,0.0,0.0,0.0,0.0,0.5384615384615383,0.0,0.5,0.0,0.6153846153846132,0.0,0.5333333333333332,0.0,0.0,0.03485942816212022,0.3133453561767112,0.31531531531530277,0.0,3.4923865400557243e-07,0.0021165660007227416,0.47603891970537426,0.476140862679725,0.5039470052442727,0.5037955465587047,3.6622658438776087e-06,0.02909710139562427,1.2199674512683967e-06,0.0929659017799701,1.0,7.943473720124067e-05,4.883289383728062e-05,0.48723104765734976,0.8331696136214801,0.006928329907843267,0.35109335447863615,0.5731497418244406,0.7764628533859301,0.0,0.0,0.0,0.4336719883889657,0.5,0.5,0.5,0.5,0.2857142857142856,0.0,0.0,0.0,0.0,0.7600000000002183,0.0,0.13487545284759683,0.0,0.0
7.134075435732967e-06,0.3517006505697944,0.9122287968441813,0.9121621621621621,0.0,0.1875000000000071,0.21739130434781373,0.2914798206277993,0.2914798206277993,0.00504286434694734,0.005042864346949116,0.4379524958719614,0.43809523809522943,0.2717659499471239,0.2731277533039673,0.0,0.0,0.0,0.0,0.5384615384615383,0.0,0.5,0.0,0.4615384615384599,0.0,0.5333333333333332,0.0,0.0,0.03462066495553036,0.31109107303873884,0.31531531531530277,0.0,5.367413462455389e-07,0.0032522843425739634,0.5025234154769482,0.5026047093144403,0.5078388076179962,0.5078441295546554,3.6622658438776087e-06,0.029726428016140338,1.2199674512683967e-06,0.0962899420973623,1.0,2.083534090524346e-05,0.0,0.4419867283329983,0.8108491595721459,0.006232181926672411,0.3381621885388392,0.4561101549053356,0.6908831908831907,0.0,0.0,0.0,0.4354136429607962,0.5,0.5,0.5,0.5,0.7142857142857142,0.0,0.0,0.0,0.0,0.7799999999988358,0.0,0.13474044238428462,0.0,0.0
8.323088008355128e-06,0.35174431297209974,0.9132149901380668,0.9132882882882882,0.0,0.375,0.3478260869565588,0.29596412556053053,0.29596412556053764,0.004034291477557517,0.004034291477559293,0.26800457258985944,0.2666666666666657,0.26101515685583365,0.26431718061674303,0.0,0.0,0.0,0.0,0.5384615384615383,0.0,0.5,0.0,0.4615384615384599,0.0,0.4666666666666668,0.0,0.0,0.03474004655882529,0.3124436429215507,0.31531531531530277,0.0,7.815726457891281e-07,0.004749367611377897,0.5095025916158953,0.5094811419045633,0.5117582114269943,0.5116396761133601,3.6622658438776087e-06,0.030577869914485523,1.2199674512683967e-06,0.10031095861033668,1.0,4.687951703679792e-05,4.883289383728062e-05,0.41041624773778407,0.7938768827766864,0.005955932727795089,0.3326115465552471,0.5077452667814114,0.7308788078018849,0.0,0.0,0.0,0.4357039187227798,0.5,0.5,0.5,0.5,0.7142857142857142,0.0,0.0,0.0,0.0,0.8400000000001455,0.0,0.13478544587205477,0.0,0.0
9.51210058097729e-06,0.3517879753744051,0.9130741053817977,0.9132882882882882,0.0,0.1875000000000071,0.19565217391306078,0.29596412556053053,0.29596412556053764,0.0030257186081676934,0.00302571860816947,0.15089546551504895,0.15238095238093763,0.2682410997532614,0.2687224669603552,0.0,0.0,0.0,0.0,0.4615384615384617,0.0,0.5,0.0,0.4615384615384599,0.0,0.4666666666666668,0.0,0.0,0.03479973736047275,0.3124436429215507,0.31531531531530277,0.0,8.957045945306197e-07,0.005420473904289791,0.5080476493589161,0.5080225046884768,0.5120342257797406,0.511892712550607,3.6622658438776087e-06,0.03113315810905859,1.2199674512683967e-06,0.10384945314175431,1.0,5.2088352263108704e-05,4.883289383728062e-05,0.36899255982304446,0.7695917921851123,0.006132732215076576,0.33611882033608825,0.44234079173838203,0.6799254876177956,0.0,0.0,0.0,0.4357039187227798,0.5,0.5,0.5,0.5,0.4285714285714286,0.0,0.0,0.0,0.0,0.7600000000002183,0.0,0.13471794064039955,0.0,0.0
1.070111315359945e-05,0.3518316377767105,0.9132149901380668,0.9132882882882882,0.0,0.375,0.39130434782612156,0.2735426008968602,0.2735426008968602,0.0035300050428634933,0.0035300050428643814,0.2838816207290762,0.2825396825396638,0.29626365879450134,0.299559471365626,0.0,0.0,0.0,0.0,0.5384615384615383,0.0,0.5,0.0,0.5384615384615365,0.0,0.4666666666666668,0.0,0.0,0.035098191368710084,0.3151487826870891,0.31531531531530277,0.0,8.825212823919564e-07,0.005317226782303397,0.47999454396653635,0.48010002083767445,0.5144079492133591,0.5144230769230771,4.883021125170144e-06,0.03187354236848927,1.2199674512683967e-06,0.10679819858460216,1.0,7.162148436177444e-05,4.883289383728062e-05,0.4200683691936457,0.7991704867932767,0.00512718513116312,0.31443471896062697,0.41222030981067126,0.6546131930747319,0.0,0.0,0.0,0.4339622641509351,0.5,0.5,0.5,0.5,0.5714285714285714,0.0,0.0,0.0,0.0,0.8800000000010186,0.0,0.13485295110370998,0.0,0.0
1.1890125726221612e-05,0.35187530017901586,0.9132149901380668,0.9132882882882882,0.0,0.375,0.36956521739131176,0.2690582959641148,0.2690582959641219,0.0045385779122533165,0.004538577912254205,0.4721199034675436,0.4730158730158678,0.2902714134649287,0.2907488986784017,0.0,0.0,0.0,0.0,0.5384615384615383,0.0,0.5,0.0,0.4615384615384599,0.0,0.5333333333333332,0.0,0.0,0.03450128335223542,0.3133453561767112,0.31531531531530277,0.0,9.183541734738354e-07,0.005523721026276407,0.46544512139674454,0.4655136486768079,0.5142975434722605,0.5141700404858303,4.883021125170144e-06,0.03253988820197684,1.2199674512683967e-06,0.11055114733004523,1.0,0.0001328252982709271,9.766578767456124e-05,0.351699175547959,0.7586225714909409,0.005060885323432561,0.3129708133825368,0.43029259896729766,0.6700635546789393,0.0,0.0,0.0,0.4354136429607962,0.5,0.5,0.5,0.5,0.7142857142857142,0.0,0.0,0.0,0.0,0.6999999999989086,0.0,0.13474044238428462,0.0,1.0
1.3079138298843773e-05,0.3519189625813212,0.9132149901380668,0.9132882882882882,0.0,0.5,0.47826086956524705,0.2735426008968602,0.2735426008968602,0.00554715078164314,0.005547150781644028,0.43490410262923973,0.4349206349206298,0.2648924920690874,0.26431718061674303,0.0,0.0,0.0,0.0,0.5384615384615383,0.0,0.5,0.0,0.5384615384615365,0.0,0.5333333333333332,0.0,0.0,0.03485942816212022,0.3137962128043057,0.31531531531530277,0.0,1.1447782052740652e-06,0.006865933612100639,0.5147085568791488,0.5146905605334444,0.5153187965774221,0.515182186234818,4.883021125170144e-06,0.03324325324843591,1.2199674512683967e-06,0.1147330045035383,1.0,0.00015235843036959294,0.00014649868151184187,0.2768952342650312,0.7044859201047806,0.0052266348427589555,0.31678306749214663,0.41480206540447506,0.6569143107604647,0.0,0.0,0.0,0.4339622641509351,0.5,0.5,0.5,0.5,0.4285714285714286,0.0,0.0,0.0,0.0,0.7200000000011642,0.0,0.13465043540874255,0.0,0.0
1.4268150871465934e-05,0.3519626249836266,0.9132149901380668,0.9132882882882882,0.0,0.3125,0.3043478260869392,0.28251121076232266,0.28251121076232977,0.006555723651032963,0.006555723651034739,0.3153816842372663,0.3142857142857025,0.24109975326048527,0.24229074889866808,0.0,0.0,0.0,0.0,0.4615384615384617,0.0,0.5,0.0,0.4615384615384599,0.0,0.5333333333333332,0.0,0.0,0.03444159255058796,0.3151487826870891,0.31531531531530277,0.0,1.3010806791497267e-06,0.0077435341489857645,0.5221878694189325,0.5221921233590332,0.5154844051890699,0.5154352226720649,4.883021125170144e-06,0.03379854144300887,1.2199674512683967e-06,0.11768174994638636,1.0,7.683031958808533e-05,4.883289383728062e-05,0.43052483410416253,0.8048461034708578,0.0045746867334084725,0.30083259629753883,0.41222030981067126,0.6542844619767696,0.0,0.0,0.0,0.4336719883889657,0.5,0.5,0.5,0.5,0.7142857142857142,0.0,0.0,0.0,0.0,0.7399999999997817,0.0,0.13462793366485926,0.0,0.0
1.5457163444088096e-05,0.352006287385932,0.9118061425753734,0.9110360360360361,0.0,0.3125,0.28260869565218627,0.28251121076232266,0.28251121076232977,0.00554715078164314,0.005547150781644028,0.1740124476057403,0.17460317460316332,0.24532957349312312,0.24669603524229444,0.0,0.0,0.0,0.0,0.5384615384615383,0.0,0.5,0.0,0.4615384615384599,0.0,0.5999999999999996,0.0,0.0,0.03474004655882529,0.3142470694319002,0.31531531531530277,0.0,1.4810717824789883e-06,0.00877600536885037,0.5220514685823406,0.5221921233590332,0.5144079492133591,0.5144230769230771,4.883021125170144e-06,0.034353829637581934,1.2199674512683967e-06,0.1203624276217029,1.0,6.120381390915266e-05,4.883289383728062e-05,0.398351095917957,0.7870006548788475,0.004154787951114941,0.289395833968709,0.4079173838209983,0.650887573964497,0.0,0.0,0.0,0.43483309143685744,0.5,0.5,0.5,0.5,0.2857142857142856,0.0,0.0,0.0,0.0,0.8000000000010914,0.0,0.1348304493598267,0.0,0.0
1.6646176016710257e-05,0.35204994978823734,0.9102564102564104,0.9099099099099099,0.0,0.1875000000000071,0.17391304347825098,0.27802690582959144,0.27802690582959144,0.0030257186081676934,0.00302571860816947,0.24171218087133184,0.2412698412698404,0.29132886852308815,0.2907488986784017,0.0,0.0,0.0,0.0,0.5384615384615383,0.0,0.5,0.0,0.5384615384615365,0.0,0.4666666666666668,0.0,0.0,0.03503850056706262,0.3155996393146836,0.319819819819827,0.0,1.6373599048282602e-06,0.009653605905735274,0.5385105028644176,0.5386538862262973,0.5158432238476401,0.5156882591093117,4.883021125170144e-06,0.03502017547106939,1.2199674512683967e-06,0.12443705768818358,1.0,1.0417670452621784e-05,0.0,0.33078624572692544,0.7446518227461252,0.003977988463833454,0.2845161487084083,0.3855421686746988,0.6311637080867849,0.0,0.0,0.0,0.4357039187227798,0.5,0.5,0.5,0.5,0.4285714285714286,0.0,0.0,0.0,0.0,0.8000000000010914,0.0,0.13471794064039955,0.0,0.0
1.7835188589332418e-05,0.35209361219054275,0.9088475626937165,0.9087837837837838,0.0,0.4375000000000071,0.4130434782608745,0.26008968609863814,0.26008968609864525,0.0030257186081676934,0.00302571860816947,0.46106947796265274,0.46031746031745513,0.2992597814592912,0.299559471365626,0.0,0.0,0.0,0.0,0.5384615384615383,0.0,0.5,0.0,0.4615384615384599,0.0,0.5333333333333332,0.0,0.0,0.03450128335223542,0.3155996393146836,0.31531531531530277,0.0,1.7784583716500341e-06,0.010479582881627314,0.5291897790306448,0.5292769326943114,0.5152359922715981,0.515182186234818,4.883021125170144e-06,0.03561248287861407,1.2199674512683967e-06,0.12813639288012013,1.0,9.245682526701779e-05,9.766578767456124e-05,0.3820631409611905,0.7775049115913555,0.0036685893610908524,0.2750007624508219,0.33218588640275387,0.5803199649353499,0.0,0.0,0.0,0.43454281567488806,0.5,0.5,0.5,0.5,0.4285714285714286,0.0,0.0,0.0,0.0,0.6999999999989086,0.0,0.13489795459148013,0.0,0.0
1.902420116195458e-05,0.3521372745928481,0.9075795998872922,0.9076576576576576,0.0,0.4375000000000071,0.45652173913043725,0.2690582959641148,0.2690582959641219,0.0070600100857269865,0.007060010085729651,0.4685634446843636,0.46984126984125396,0.25378921395841303,0.25550660792951874,0.0,0.0,0.0,0.0,0.5384615384615383,0.0,0.571428571428573,0.0,0.4615384615384599,0.0,0.4666666666666668,0.0,0.0,0.03444159255058796,0.3169522091974386,0.319819819819827,0.0,1.7884728667625536e-06,0.0105312064426204,0.49734018368645994,0.49739529068555965,0.5142975434722605,0.5141700404858303,4.883021125170144e-06,0.03627882871210153,1.2199674512683967e-06,0.13183572807205668,1.0,0.00016407830962879234,0.00014649868151184187,0.6084858234466117,0.8844684566688497,0.0035028398417644583,0.2695721125987373,0.27538726333907054,0.5191759807144425,0.0,0.0,0.0,0.43454281567488806,0.5,0.5,0.5,0.5,0.5714285714285714,0.0,0.0,0.0,0.0,0.8000000000010914,0.0,0.13474044238428462,0.0,0.0
2.021321373457674e-05,0.35218093699515346,0.9088475626937165,0.9087837837837838,0.0,0.4375000000000071,0.45652173913043725,0.27802690582959144,0.27802690582959144,0.006051437216337163,0.00605143721633894,0.3437063381176202,0.34285714285712743,0.23916108565386196,0.24229074889866808,0.0,0.0,0.0,0.0,0.5384615384615383,0.0,0.5,0.0,0.4615384615384599,0.0,0.4666666666666668,0.0,0.0,0.03462066495553036,0.3151487826870891,0.31531531531530277,0.0,1.9151308277342046e-06,0.011202312735532516,0.5020005456033464,0.5019795790789745,0.5120618272150153,0.511892712550607,4.883021125170144e-06,0.036871136119645986,2.4399349025367986e-06,0.13505254128243604,1.0,0.000156265056789326,0.00014649868151184187,0.47737784033782427,0.8284763152150185,0.0033481402903931578,0.2643569489767909,0.3347676419965577,0.5827306596537365,0.0,0.0,0.0,0.4339622641509351,0.5,0.5,0.5,0.5,0.7142857142857142,0.0,0.0,0.0,0.0,0.7799999999988358,0.0,0.13462793366485926,0.0,0.0
2.14022263071989e-05,0.35222459939745887,0.9088475626937165,0.9087837837837838,0.0,0.3125,0.3043478260869392,0.28251121076232266,0.28251121076232977,0.0045385779122533165,0.004538577912254205,0.18150641432744408,0.18095238095237676,0.24233345082834035,0.24229074889866808,0.0,0.0,0.0,0.0,0.5384615384615383,0.0,0.5,0.0,0.4615384615384599,0.0,0.4666666666666668,0.0,0.0,0.03474004655882529,0.3155996393146836,0.31531531531530277,0.0,2.049062142278548e-06,0.011925042589437718,0.4886332636173502,0.4886434673890392,0.5097433066519459,0.5096153846153846,4.883021125170144e-06,0.03738940510124755,2.4399349025367986e-06,0.13832296804632194,1.0,0.00014063855111039354,0.00014649868151184187,0.43917152624170525,0.8093211089281815,0.0032265906428871356,0.26045320076855044,0.29001721170395867,0.5352838045145736,0.0,0.0,0.0,0.43425253991290447,0.5,0.5,0.5,0.5,0.5714285714285714,0.0,0.0,0.0,0.0,0.7799999999988358,0.0,0.13474044238428462,0.0,0.0
2.2591238879821063e-05,0.3522682617997642,0.9060298675683292,0.9054054054054055,0.0,0.375,0.326086956521749,0.25560538116592113,0.2556053811659069,0.00504286434694734,0.005042864346949116,0.21376857614632172,0.21269841269840128,0.26912231230172523,0.2687224669603552,0.0,0.0,0.0,0.0,0.5384615384615383,0.0,0.5,0.0,0.4615384615384599,0.0,0.4666666666666668,0.0,0.0,0.03450128335223542,0.3160504959422781,0.31531531531530277,0.0,2.0462693352437325e-06,0.011925042589437718,0.49331635900700194,0.49343613252760976,0.5087220535467845,0.5086032388663968,4.883021125170144e-06,0.03798171250879201,2.4399349025367986e-06,0.14245121166630936,1.0,0.00012891867185119404,9.766578767456124e-05,0.494470138749246,0.8366077275703996,0.0027624919887732323,0.24282533776571408,0.2857142857142857,0.5306815691431075,0.0,0.0,0.0,0.43454281567488806,1.0,0.5,0.5,0.5,0.2857142857142856,0.0,0.0,0.0,0.0,0.7600000000002183,0.0,0.13471794064039955,0.0,0.0
2.3780251452443224e-05,0.35231192420206964,0.9044801352493661,0.9042792792792793,0.0,0.375,0.3478260869565588,0.24663677130044448,0.24663677130043737,0.00504286434694734,0.005042864346949116,0.4352851517845764,0.4349206349206298,0.28498413817412427,0.28634361233480377,0.0,0.0,0.0,0.0,0.4615384615384617,0.0,0.5,0.0,0.4615384615384599,0.0,0.5333333333333332,0.0,0.0,0.03503850056706262,0.3155996393146836,0.31531531531530277,0.0,2.227061253745358e-06,0.012905890248309237,0.4945667000090934,0.494686392998541,0.5083632348882142,0.50835020242915,4.883021125170144e-06,0.03857401991633658,2.4399349025367986e-06,0.14561441132318265,1.0,8.985240765386256e-05,9.766578767456124e-05,0.46611703197265236,0.8229644182492906,0.0029724413799199975,0.2508158223794565,0.229776247848537,0.4634012710935791,0.0,0.0,0.0,0.43425253991290447,1.0,0.5,0.5,0.5,0.4285714285714286,0.0,0.0,0.0,0.0,0.7200000000011642,0.0,0.13471794064039955,0.0,1.0
2.4969264025065385e-05,0.352355586604375,0.9030712876866722,0.9031531531531531,0.0,0.3125,0.326086956521749,0.26457399103138357,0.26457399103137647,0.0070600100857269865,0.007060010085729651,0.47097675600151945,0.46984126984125396,0.2752908001409935,0.27753303964757947,0.0,0.0,0.0,0.0,0.5384615384615383,0.0,0.5,0.0,0.5384615384615365,0.0,0.4666666666666668,0.0,0.0,0.03468035575717782,0.31650135256987255,0.31531531531530277,0.0,2.2243746480058045e-06,0.012905890248309237,0.4867691188505956,0.48676807668264255,0.5078388076179962,0.5078441295546554,6.103776406462678e-06,0.03912930811090942,2.4399349025367986e-06,0.14909929230109376,1.0,0.0,0.0,0.34345465513774387,0.7532198209997818,0.0024420429180755376,0.22937570526701018,0.20309810671256456,0.4282270436116591,0.0,0.0,0.0,0.43483309143685744,1.0,0.5,0.5,0.5,0.7142857142857142,0.0,0.0,0.0,0.0,0.7600000000002183,0.0,0.13469543889651447,0.0,0.0
2.6158276597687546e-05,0.35239924900668035,0.9044801352493661,0.9042792792792793,0.0,0.3125,0.3043478260869392,0.27802690582959144,0.27802690582959144,0.004034291477557517,0.004034291477559293,0.3673313857487628,0.36825396825396695,0.25960521677829007,0.2599118942731309,0.0,0.0,0.0,0.0,0.4615384615384617,0.0,0.5,0.0,0.4615384615384599,0.0,0.5333333333333332,0.0,0.0,0.03444159255058796,0.31785392245262756,0.319819819819827,0.0,2.3673474241736564e-06,0.01368024366320797,0.4756979176138947,0.47572410918941443,0.505741098537124,0.505566801619433,6.103776406462678e-06,0.0397216155184541,2.4399349025367986e-06,0.15295946815354922,1.0,4.167068181048692e-05,4.883289383728062e-05,0.41845968228433544,0.7982973149967256,0.0026740922451324893,0.23937906005062676,0.2091222030981067,0.43633574402805153,0.0,0.0,0.0,0.4330914368650127,1.0,0.5,0.5,0.5,0.4285714285714286,0.0,0.0,0.0,0.0,0.7399999999997817,0.0,0.13471794064039955,0.0,0.0
2.7347289170309708e-05,0.35244291140898576,0.9095519864750632,0.9087837837837838,0.0,0.375,0.3478260869565588,0.28251121076232266,0.28251121076232977,0.00504286434694734,0.005042864346949116,0.18900038104915495,0.1904761904761756,0.23352132534367342,0.2334801762114438,0.0,0.0,0.0,0.0,0.5384615384615383,0.0,0.5,0.0,0.4615384615384599,0.0,0.5333333333333332,0.0,0.0,0.03503850056706262,0.31830477908025046,0.319819819819827,0.0,2.364959330182938e-06,0.01368024366320797,0.48056288078566883,0.480516774327985,0.5032569693624069,0.5032894736842106,6.103776406462678e-06,0.04027690371302706,2.4399349025367986e-06,0.15714132532704272,1.0,7.943473720124067e-05,4.883289383728062e-05,0.3673838729137342,0.7685549006767081,0.0026630422771773956,0.23870810332733533,0.2056798623063683,0.43085689239535396,0.0,0.0,0.0,0.4351233671988268,1.0,0.5,0.5,0.5,0.4285714285714286,0.0,0.0,0.0,0.0,0.8000000000010914,0.0,0.1347629441281697,0.0,0.0
2.853630174293187e-05,0.3524865738112911,0.9130741053817977,0.9132882882882882,0.0,0.4375000000000071,0.4130434782608745,0.2735426008968602,0.2735426008968602,0.0030257186081676934,0.00302571860816947,0.1912866759812033,0.1904761904761756,0.26083891434613804,0.2599118942731309,0.0,0.0,0.0,0.0,0.5384615384615383,0.0,0.5,0.0,0.4615384615384599,0.0,0.5333333333333332,0.0,0.0,0.03474004655882529,0.3174030658250615,0.319819819819827,0.0,2.6033726271264716e-06,0.014919209127045585,0.4940438301354915,0.4940612627630756,0.5014628760695556,0.5015182186234814,6.103776406462678e-06,0.040832191907600124,2.4399349025367986e-06,0.16014368432339687,1.0,0.00016407830962879234,0.00014649868151184187,0.32817212949929625,0.7428509059157389,0.0020221441357820063,0.20912501143676226,0.21342512908777972,0.442472057856673,0.0,0.0,0.0,0.43628447024671857,1.0,0.5,0.5,0.5,0.4285714285714286,0.0,0.0,0.0,0.0,0.9000000000014552,0.0,0.13474044238428462,0.0,0.0
2.972531431555403e-05,0.35253023621359647,0.9132149901380668,0.9132882882882882,0.0,0.4375000000000071,0.4130434782608745,0.2511210762331757,0.2511210762331757,0.0035300050428634933,0.0035300050428643814,0.40035564587831374,0.3999999999999915,0.2936200211490956,0.29515418502202806,0.0,0.0,0.0,0.0,0.5384615384615383,0.0,0.5,0.0,0.4615384615384599,0.0,0.5333333333333332,0.0,0.0,0.03444159255058796,0.31830477908025046,0.319819819819827,0.0,2.7124614494957397e-06,0.015487068297971307,0.47685732472492504,0.4769743696603457,0.5012696660226332,0.5012651821862346,6.103776406462678e-06,0.04138748010217308,2.4399349025367986e-06,0.16314604331975124,1.0,0.00012891867185119404,9.766578767456124e-05,0.2990146792680475,0.7218402095612313,0.00237574311034498,0.226386898045076,0.17469879518072284,0.3866973482358098,0.0,0.0,0.0,0.43425253991290447,1.0,0.5,0.5,0.5,0.2857142857142856,0.0,0.0,0.0,0.0,0.8000000000010914,0.0,0.13465043540874255,0.0,0.0
3.091432688817619e-05,0.3525738986159019,0.9132149901380668,0.9132882882882882,0.0,0.3125,0.326086956521749,0.25560538116592113,0.2556053811659069,0.0045385779122533165,0.004538577912254205,0.48088403404038615,0.479365079365067,0.27952062037363135,0.2819383259911774,0.0,0.0,0.0,0.0,0.5384615384615383,0.0,0.5,0.0,0.4615384615384599,0.0,0.4666666666666668,0.0,0.0,0.03450128335223542,0.319206492335411,0.319819819819827,0.0,2.736916450458379e-06,0.01564193898095101,0.4837455669728108,0.48385080225046906,0.5016284846812035,0.5015182186234814,6.103776406462678e-06,0.041942768296745925,2.4399349025367986e-06,0.16673815140467518,1.0,0.0001328252982709271,9.766578767456124e-05,0.29318318922179776,0.7174743505784764,0.0020110941678269136,0.20830156454908655,0.2908777969018933,0.5360508437431515,0.0,0.0,0.0,0.4339622641509351,1.0,0.5,0.5,0.5,0.4285714285714286,0.0,0.0,0.0,0.0,0.7600000000002183,0.0,0.13471794064039955,0.0,0.0
3.210333946079835e-05,0.35261756101820724,0.9132149901380668,0.9132882882882882,0.0,0.3125,0.28260869565218627,0.27802690582959144,0.27802690582959144,0.006555723651032963,0.006555723651034739,0.40823066175536127,0.4095238095237903,0.2467395135706738,0.24669603524229444,0.0,0.0,0.0,0.0,0.4615384615384617,0.0,0.5,0.0,0.4615384615384599,0.0,0.5333333333333332,0.0,0.0,0.03479973736047275,0.31785392245262756,0.319819819819827,0.0,2.861981392001126e-06,0.016261421712869817,0.5063426389015186,0.506355490727235,0.500828043058239,0.500759109311741,6.103776406462678e-06,0.04246103727834749,2.4399349025367986e-06,0.1710272356851813,1.0,7.683031958808533e-05,4.883289383728062e-05,0.39372612105369,0.7843265662519101,0.001900594488275984,0.2028424166641251,0.26506024096385544,0.5069033530571991,0.0,0.0,0.0,0.4339622641509351,0.5,0.5,0.5,0.5,0.2857142857142856,0.0,0.0,0.0,0.0,0.7200000000011642,0.0,0.13465043540874255,0.0,0.0
3.3292352033420514e-05,0.3526612234205126,0.9132149901380668,0.9132882882882882,0.0,0.3125,0.3043478260869392,0.28251121076232266,0.28251121076232977,0.006051437216337163,0.00605143721633894,0.25593801600405897,0.25714285714283847,0.2381036305957025,0.23788546255507015,0.0,0.0,0.0,0.0,0.5384615384615383,0.0,0.5,0.0,0.4615384615384599,0.0,0.4666666666666668,0.0,0.0,0.03468035575717782,0.31785392245262756,0.319819819819827,0.0,3.0804604187937747e-06,0.01739714005472104,0.501818677821224,0.5017712023338197,0.5039746066795474,0.5037955465587047,6.103776406462678e-06,0.04309036389886356,2.4399349025367986e-06,0.1753163199656872,1.0,5.2088352263108704e-05,4.883289383728062e-05,0.5795294590790266,0.8731717965509713,0.001701695065084311,0.19155814449967973,0.27538726333907054,0.5191759807144425,0.0,0.0,0.0,0.4351233671988268,0.5,0.5,0.5,0.5,0.4285714285714286,0.0,0.0,0.0,0.0,0.8800000000010186,0.0,0.13462793366485926,0.0,0.0
3.448136460593165e-05,0.352704885822818,0.9130741053817977,0.9132882882882882,0.0,0.25,0.23913043478262352,0.2735426008968602,0.2735426008968602,0.0045385779122533165,0.004538577912254205,0.18010923409119783,0.18095238095237676,0.2749383151216023,0.27753303964757947,0.0,0.0,0.0,0.0,0.5384615384615383,0.0,0.5,0.0,0.4615384615384599,0.0,0.5333333333333332,0.0,0.0,0.03485942816212022,0.31965734896300546,0.319819819819827,0.0,3.111003337249581e-06,0.01755201073770074,0.48633718286805494,0.48635132319233154,0.5049958597847088,0.5050607287449393,6.103776406462678e-06,0.04383074815829413,3.659902353805197e-06,0.1793373364786618,1.0,6.641264913546344e-05,4.883289383728062e-05,0.5656545344862256,0.8676053263479591,0.0014696457380273598,0.17685809265302388,0.2710843373493976,0.5134779750164367,0.0,0.0,0.0,0.4333817126269963,0.5,0.5,0.5,0.5,0.5714285714285714,0.0,0.0,0.0,0.0,0.7399999999997817,0.0,0.1346729371526294,0.0,0.0
3.5670377178553814e-05,0.35274854822512336,0.9164553395322625,0.9155405405405406,0.0,0.3125,0.28260869565218627,0.26457399103138357,0.26457399103137647,0.004034291477557517,0.004034291477559293,0.3618696811888711,0.3619047619047535,0.3027846316531537,0.30396475770925235,0.0,0.0,0.0,0.0,0.5384615384615383,0.0,0.5,0.0,0.4615384615384599,0.0,0.5333333333333332,0.0,0.0,0.03462066495553036,0.3205590622181944,0.319819819819827,0.0,3.2579916705003835e-06,0.018326364152599472,0.490815677002819,0.4909356115857473,0.5004692243996688,0.5005060728744941,6.103776406462678e-06,0.04427497871395247,3.659902353805197e-06,0.18314389877761095,1.0,5.078614345653098e-05,4.883289383728062e-05,0.4789865272471346,0.8292403405370008,0.0015580454816681033,0.18253072676812343,0.2246127366609294,0.45682664913434157,0.0,0.0,0.0,0.4354136429607962,0.5,0.5,0.5,0.5,0.4285714285714286,0.0,0.0,0.0,0.0,0.6999999999989086,0.0,0.1347629441281697,0.0,1.0
3.6859389751175975e-05,0.3527922106274287,0.9177233023386868,0.9177927927927927,0.0,0.4375000000000071,0.4130434782608745,0.26457399103138357,0.26457399103137647,0.0045385779122533165,0.004538577912254205,0.48088403404038615,0.479365079365067,0.28604159323229084,0.28634361233480377,0.0,0.0,0.0,0.0,0.5384615384615383,0.0,0.5,0.0,0.4615384615384599,0.0,0.5333333333333332,0.0,0.0,0.03474004655882529,0.32146077547335494,0.3243243243243228,0.0,3.36333474448277e-06,0.018842599762531664,0.4889287987632991,0.48906022087934975,0.5003588186585703,0.5002530364372468,6.103776406462678e-06,0.04479324769555404,3.659902353805197e-06,0.18630709843448423,1.0,4.818172584337543e-05,4.883289383728062e-05,0.403981500100543,0.7902750491159136,0.0014806957059824526,0.17777303363933022,0.1987951807228916,0.42230988384834545,0.0,0.0,0.0,0.43454281567488806,0.5,0.5,0.5,0.5,0.4285714285714286,0.0,0.0,0.0,0.0,0.7600000000002183,0.0,0.1347629441281697,0.0,0.0
3.8048402323798136e-05,0.3528358730297341,0.9175824175824177,0.9177927927927927,0.0,0.375,0.36956521739131176,0.27802690582959144,0.27802690582959144,0.00554715078164314,0.005547150781644028,0.40772259621491,0.4063492063492049,0.25784279168135527,0.2599118942731309,0.0,0.0,0.0,0.0,0.5384615384615383,0.0,0.5,0.0,0.4615384615384599,0.0,0.5333333333333332,0.0,0.0,0.03462066495553036,0.32146077547335494,0.319819819819827,0.0,3.6018255396687905e-06,0.02008156522636928,0.511230335546058,0.5113565326109604,0.49861992823626833,0.49848178137651855,6.103776406462678e-06,0.045385555103098496,3.659902353805197e-06,0.19064979626849687,1.0,0.00011459437497883908,9.766578767456124e-05,0.5300623366177358,0.8526522593320236,0.0015580454816681033,0.18268321693250777,0.16523235800344233,0.37146614069691,0.0,0.0,0.0,0.4339622641509351,0.5,0.5,0.5,0.5,0.4285714285714286,0.0,0.0,0.0,0.0,0.7799999999988358,0.0,0.13469543889651447,0.0,0.0
3.92374148964203e-05,0.3528795354320395,0.9161735700197238,0.9155405405405406,0.0,0.375,0.3478260869565588,0.28251121076232266,0.28251121076232977,0.006051437216337163,0.00605143721633894,0.25797027816587814,0.25714285714283847,0.2381036305957025,0.23788546255507015,0.0,0.0,0.0,0.0,0.5384615384615383,0.0,0.5,0.0,0.5384615384615365,0.0,0.4666666666666668,0.0,0.0,0.03450128335223542,0.3205590622181944,0.3243243243243228,0.0,3.728974322842859e-06,0.02070104795828831,0.49949986359916343,0.499479058137112,0.49922715981231025,0.49924089068825905,6.103776406462678e-06,0.046051900936586176,3.659902353805197e-06,0.19413467724640798,1.0,0.00017710039769456957,0.00014649868151184187,0.5212145586165292,0.8487229862475443,0.0011491966673296647,0.15328311323919608,0.185025817555938,0.4022572868726715,0.0,0.0,0.0,0.4357039187227798,0.5,0.5,0.5,0.5,0.4285714285714286,0.0,0.0,0.0,0.0,0.7799999999988358,0.0,0.1347629441281697,0.0,0.0
4.042642746904246e-05,0.35292319783434484,0.9133558748943365,0.9132882882882882,0.0,0.375,0.39130434782612156,0.2690582959641148,0.2690582959641219,0.00504286434694734,0.005042864346949116,0.16474025149243943,0.16507936507935028,0.2581952767007394,0.2599118942731309,0.0,0.0,0.0,0.0,0.5384615384615383,0.0,0.5,0.0,0.4615384615384599,0.0,0.5333333333333332,0.0,0.0,0.03438190174894049,0.32010820559059994,0.3243243243243228,0.0,3.729645974277747e-06,0.02070104795828831,0.47940347367463854,0.47947489060220905,0.4964118134142976,0.49645748987854255,7.324531687755216e-06,0.04657016991818752,3.659902353805197e-06,0.19783401243834453,1.0,0.00015756726559590373,0.00014649868151184187,0.41886185401166304,0.7985156079458633,0.0012265464430153154,0.1595962060447101,0.17555938037865748,0.3875739644970413,0.0,0.0,0.0,0.4333817126269963,0.5,0.5,0.5,0.5,0.4285714285714286,0.0,0.0,0.0,0.0,0.7399999999997817,0.0,0.13471794064039955,0.0,0.0
4.161544004166462e-05,0.35296686023665025,0.9132149901380668,0.9132882882882882,0.0,0.375,0.3478260869565588,0.25560538116592113,0.2556053811659069,0.004034291477557517,0.004034291477559293,0.3217325034929459,0.32063492063491594,0.2992597814592912,0.299559471365626,0.0,0.0,0.0,0.0,0.5384615384615383,0.0,0.5,0.0,0.4615384615384599,0.0,0.4666666666666668,0.0,0.0,0.03450128335223542,0.31965734896300546,0.319819819819827,0.0,3.7906916269154756e-06,0.021010789324247714,0.48042647994907706,0.480516774327985,0.49362406845155954,0.49367408906882604,7.324531687755216e-06,0.04701440047384586,3.659902353805197e-06,0.20228393737936934,1.0,0.00011589658378541692,9.766578767456124e-05,0.4594811984717475,0.8197445972495088,0.0010055470839134566,0.14230382140351944,0.16092943201376936,0.36478194170501865,0.0,0.0,0.0,0.4333817126269963,0.5,0.5,0.5,0.5,0.4285714285714286,0.0,0.0,0.0,0.0,0.6599999999998545,0.0,0.13471794064039955,0.0,0.0
4.280445261428678e-05,0.3530105226389556,0.9095519864750632,0.9087837837837838,0.0,0.25,0.28260869565218627,0.2511210762331757,0.2511210762331757,0.006051437216337163,0.00605143721633894,0.478851771878567,0.479365079365067,0.27811068029608776,0.27753303964757947,0.0,0.0,0.0,0.0,0.5384615384615383,0.0,0.5,0.0,0.5384615384615365,0.0,0.5333333333333332,0.0,0.0,0.03456097415388289,0.32010820559059994,0.319819819819827,0.0,3.915389169382732e-06,0.021630272056166522,0.4794489406201692,0.47947489060220905,0.49417609715705224,0.49418016194332015,7.324531687755216e-06,0.04764372709436193,3.659902353805197e-06,0.20566159125026828,1.0,7.552811078150761e-05,4.883289383728062e-05,0.6392519605871707,0.8958742632612968,0.0010165970518685495,0.14288328402818018,0.14888123924268504,0.34593469208853844,0.0,0.0,0.0,0.43280116110302913,0.5,0.5,0.5,0.5,0.2857142857142856,0.0,0.0,0.0,0.0,0.7799999999988358,0.0,0.1346729371526294,0.0,0.0
4.399346518690894e-05,0.35305418504126096,0.9065934065934067,0.9065315315315314,0.0,0.25,0.21739130434781373,0.25560538116592113,0.2556053811659069,0.0070600100857269865,0.007060010085729651,0.44849485583640103,0.4476190476190425,0.2514980613323985,0.2511013215858924,0.0,0.0,0.0,0.0,0.5384615384615383,0.0,0.5,0.0,0.4615384615384599,0.0,0.5333333333333332,0.0,0.0,0.03438190174894049,0.3205590622181944,0.319819819819827,0.0,4.006733764527695e-06,0.02204326054411232,0.4754478494134764,0.47551573244425915,0.4930996411813415,0.49316801619433237,7.324531687755216e-06,0.048087957650020274,3.659902353805197e-06,0.20909285867467287,1.0,3.646184658417603e-05,0.0,0.4731550372008848,0.8264571054354946,0.0009944971159583636,0.14132788435145927,0.2917383820998279,0.5369274600043832,0.0,0.0,0.0,0.43483309143685744,0.5,0.5,0.5,0.5,0.4285714285714286,0.0,0.0,0.0,0.0,0.7799999999988358,0.0,0.1345829301770891,0.0,0.0
4.51824777595311e-05,0.35309784744356637,0.9044801352493661,0.9042792792792793,0.0,0.375,0.36956521739131176,0.26457399103138357,0.26457399103137647,0.006555723651032963,0.006555723651034739,0.31055506160294044,0.3111111111111029,0.23880860063447074,0.23788546255507015,0.0,0.0,0.0,0.0,0.4615384615384617,0.0,0.5,0.0,0.5384615384615365,0.0,0.4666666666666668,0.0,0.0,0.03479973736047275,0.3228133453561668,0.3243243243243228,0.0,4.067377574426601e-06,0.022353001910071946,0.48745112303355465,0.48739320691810795,0.4939828871101298,0.4939271255060729,7.324531687755216e-06,0.04864324584459323,3.659902353805197e-06,0.21386446493673616,1.0,6.250602271573038e-05,4.883289383728062e-05,0.5533882968027348,0.8625300152805064,0.0009171473402727133,0.13400835646100823,0.2530120481927711,0.49309664694280086,0.0,0.0,0.0,0.4339622641509351,0.5,0.5,0.5,0.5,0.1428571428571428,0.0,0.0,0.0,0.0,0.7200000000011642,0.0,0.1346729371526294,0.0,0.0
4.6371490332153265e-05,0.3531415098458717,0.9032121724429418,0.9031531531531531,0.0,0.5,0.47826086956524705,0.27802690582959144,0.27802690582959144,0.0035300050428634933,0.0035300050428643814,0.16537533341800525,0.16507936507935028,0.26295382446246407,0.26431718061674303,0.0,0.0,0.0,0.0,0.5384615384615383,0.0,0.571428571428573,0.0,0.4615384615384599,0.0,0.4666666666666668,0.0,0.0,0.03438190174894049,0.3210099188457889,0.3243243243243228,0.0,4.412345214179541e-06,0.02400495586185536,0.49963626443575526,0.4996874348822673,0.4928788296991444,0.4929149797570851,7.324531687755216e-06,0.04930959167808091,3.659902353805197e-06,0.21788548144971054,1.0,9.245682526701779e-05,9.766578767456124e-05,0.4952744822039011,0.8369897402313904,0.0008729474684523414,0.13016560431852142,0.21686746987951805,0.4468551391628315,0.0,0.0,0.0,0.4357039187227798,0.5,0.5,0.5,0.5,0.5714285714285714,0.0,0.0,0.0,0.0,0.7799999999988358,0.0,0.13474044238428462,0.0,0.0
4.7560502904775426e-05,0.3531851722481771,0.9027895181741334,0.902027027027027,0.0,0.4375000000000071,0.4130434782608745,0.26457399103138357,0.26457399103137647,0.0030257186081676934,0.00302571860816947,0.2837546043439616,0.2825396825396638,0.2922100810715591,0.29515418502202806,0.0,0.0,0.0,0.0,0.4615384615384617,0.0,0.571428571428573,0.0,0.4615384615384599,0.0,0.5333333333333332,0.0,0.0,0.03462066495553036,0.3223624887285723,0.3243243243243228,0.0,4.421567505035521e-06,0.024056579422848667,0.47642538874238427,0.47655761617003556,0.4918575765939829,0.49190283400809687,7.324531687755216e-06,0.04975382223373925,3.659902353805197e-06,0.2207806133390523,1.0,0.00010678112213937275,9.766578767456124e-05,0.5998391313090691,0.881139489194499,0.0007734977568565051,0.11988776723901307,0.22117039586919107,0.45277229892614534,0.0,0.0,0.0,0.4351233671988268,0.5,0.5,0.5,0.5,0.4285714285714286,0.0,0.0,0.0,0.0,0.820000000001528,0.0,0.13471794064039955,0.0,1.0
4.874951547739759e-05,0.3532288346504825,0.902930402930403,0.9031531531531531,0.0,0.4375000000000071,0.4347826086956843,0.2511210762331757,0.2511210762331757,0.006051437216337163,0.00605143721633894,0.4902832465388016,0.48888888888888005,0.2772294677476168,0.27753303964757947,0.0,0.0,0.0,0.0,0.5384615384615383,0.0,0.5,0.0,0.4615384615384599,0.0,0.5333333333333332,0.0,0.0,0.03474004655882529,0.32146077547335494,0.319819819819827,0.0,4.352849526391555e-06,0.023746838056889263,0.4427798490497409,0.44280058345488627,0.4884902014904775,0.48836032388663986,7.324531687755216e-06,0.05030911042831232,4.879869805073599e-06,0.22528415183358363,1.0,0.00010287449571963969,9.766578767456124e-05,0.42710637442187815,0.8030451866404715,0.0006629980773055759,0.10851200097593705,0.18674698795180728,0.4041200964277887,0.0,0.0,0.0,0.4339622641509351,0.5,0.5,0.5,0.5,0.2857142857142856,0.0,0.0,0.0,0.0,0.8400000000001455,0.0,0.1348304493598267,0.0,0.0
4.993852805001975e-05,0.35327249705278785,0.902930402930403,0.902027027027027,0.0,0.4375000000000071,0.45652173913043725,0.2735426008968602,0.2735426008968602,0.0070600100857269865,0.007060010085729651,0.44722469198526227,0.4476190476190425,0.2546704265068769,0.25550660792951874,0.0,0.0,0.0,0.0,0.5384615384615383,0.0,0.571428571428573,0.0,0.4615384615384599,0.0,0.5333333333333332,0.0,0.0,0.03474004655882529,0.32191163210097784,0.3243243243243228,0.0,4.461510673274503e-06,0.024263073666821677,0.4594207511139402,0.45947072306730563,0.4893458459839912,0.48937246963562764,7.324531687755216e-06,0.05093843704882828,4.879869805073599e-06,0.2292515547930517,1.0,0.00018100702411430263,0.00014649868151184187,0.5129700382063141,0.8450665793494871,0.0006077482375301112,0.10174143767726979,0.3476764199655766,0.5955511724742497,0.0,0.0,0.0,0.4336719883889657,0.5,0.5,0.5,0.5,0.1428571428571428,0.0,0.0,0.0,0.0,0.7600000000002183,0.0,0.13456042843320226,0.0,0.0
5.112754062264191e-05,0.35331615945509326,0.902930402930403,0.902027027027027,0.0,0.4375000000000071,0.4130434782608745,0.28251121076232266,0.28251121076232977,0.0045385779122533165,0.004538577912254205,0.3153816842372663,0.3142857142857025,0.2580190341910438,0.2599118942731309,0.0,0.0,0.0,0.0,0.5384615384615383,0.0,0.571428571428573,0.0,0.4615384615384599,0.0,0.4666666666666668,0.0,0.0,0.034262520145645556,0.3223624887285723,0.3243243243243228,0.0,4.539729362386351e-06,0.02462443859377439,0.44480312812585254,0.4448843509064391,0.4919127794645322,0.49190283400809687,7.324531687755216e-06,0.051493725243401345,4.879869805073599e-06,0.23380870684108934,1.0,0.00014584738633670433,0.00014649868151184187,0.4051880152825257,0.7909299279633266,0.0005414484297995537,0.09426941962243435,0.29604130808950085,0.5417488494411573,0.0,0.0,0.0,0.4336719883889657,0.5,0.5,0.5,0.5,0.4285714285714286,0.0,0.0,0.0,0.0,0.8000000000010914,0.0,0.13471794064039955,0.0,0.0
5.231655319526407e-05,0.3533598218573986,0.9002535925612849,0.8997747747747749,0.0,0.3125,0.326086956521749,0.28251121076232266,0.28251121076232977,0.0030257186081676934,0.00302571860816947,0.1549599898386873,0.15555555555553724,0.24462460345435488,0.24669603524229444,0.0,0.0,0.0,0.0,0.5384615384615383,0.0,0.5,0.0,0.4615384615384599,0.0,0.5333333333333332,0.0,0.0,0.03444159255058796,0.32146077547335494,0.3243243243243228,0.0,4.6032004229834005e-06,0.024934179959733793,0.4402791670455579,0.4403000625130238,0.48929064311344195,0.48937246963562764,7.324531687755216e-06,0.05201199422500269,4.879869805073599e-06,0.23713274715848176,1.0,7.292369316835206e-05,4.883289383728062e-05,0.4303237482404988,0.8046278105217202,0.0005303984618444605,0.09320198847174355,0.2908777969018933,0.5363795748411133,0.0,0.0,0.0,0.4330914368650127,0.5,0.5,0.5,0.5,0.2857142857142856,0.0,0.0,0.0,0.0,0.7399999999997817,0.0,0.13471794064039955,0.0,0.0
5.350556576788623e-05,0.35340348425970397,0.9001127078050157,0.8997747747747749,0.0,0.4375000000000071,0.4130434782608745,0.26008968609863814,0.26008968609864525,0.0035300050428634933,0.0035300050428643814,0.2720690969135049,0.27301587301586494,0.28762777581953003,0.2907488986784017,0.0,0.0,0.0,0.0,0.4615384615384617,0.0,0.5,0.0,0.4615384615384599,0.0,0.4666666666666668,0.0,0.0,0.034262520145645556,0.32326420198376127,0.3243243243243228,0.0,4.5999971622939286e-06,0.024934179959733793,0.4410066381740475,0.44113356949364446,0.4885730057963015,0.4886133603238867,7.324531687755216e-06,0.052530263206604144,4.879869805073599e-06,0.24142183143898788,1.0,9.245682526701779e-05,9.766578767456124e-05,0.7122461290971245,0.9209779524121371,0.00047514862206899603,0.08609594681143062,0.26850258175559377,0.5106289721674335,0.0,0.0,0.0,0.43454281567488806,0.5,0.5,0.5,0.5,0.4285714285714286,0.0,0.0,0.0,0.0,0.7200000000011642,0.0,0.1346729371526294,0.0,0.0
5.469457834050839e-05,0.3534471466620094,0.9015215553677092,0.9009009009009008,0.0,0.25,0.2608695652173765,0.25560538116592113,0.2556053811659069,0.00554715078164314,0.005547150781644028,0.47542232948050156,0.4761904761904674,0.29837856891082026,0.299559471365626,0.0,0.0,0.0,0.0,0.5384615384615383,0.0,0.5,0.0,0.4615384615384599,0.0,0.5333333333333332,0.0,0.0,0.03450128335223542,0.32326420198376127,0.3243243243243228,0.0,4.780229371266484e-06,0.02576015693562539,0.45528325907065564,0.4553031881642009,0.48887662158432243,0.4888663967611335,8.54528696904775e-06,0.05304853218820571,4.879869805073599e-06,0.24549646150546856,1.0,2.2137549711821183e-05,0.0,0.6493062537703599,0.899530670159354,0.0003867488784282526,0.07411021989081701,0.22117039586919107,0.4517861056322594,0.0,0.0,0.0,0.4339622641509351,0.5,0.5,0.5,0.5,0.4285714285714286,0.0,0.0,0.0,0.0,0.7799999999988358,0.0,0.1346729371526294,0.0,0.0
5.5883590913130554e-05,0.35349080906431474,0.9015215553677092,0.9009009009009008,0.0,0.4375000000000071,0.4347826086956843,0.2690582959641148,0.2690582959641219,0.0070600100857269865,0.007060010085729651,0.4760574114060674,0.4761904761904674,0.26753612971448604,0.2687224669603552,0.0,0.0,0.0,0.0,0.5384615384615383,0.0,0.5,0.0,0.4615384615384599,0.0,0.4666666666666668,0.0,0.0,0.03474004655882529,0.3237150586113273,0.3243243243243228,0.0,4.9260150466061e-06,0.026431263228537505,0.47174229335273254,0.471764951031465,0.48887662158432243,0.4888663967611335,8.54528696904775e-06,0.05345574353089255,4.879869805073599e-06,0.24849882050182293,1.0,5.469276987626404e-05,4.883289383728062e-05,0.6078825658556203,0.8841955904824275,0.0003756989104731597,0.07154838512915918,0.22117039586919107,0.4517861056322594,0.0,0.0,0.0,0.43454281567488806,0.5,0.5,0.5,0.5,0.4285714285714286,0.0,0.0,0.0,0.0,0.8800000000010186,0.0,0.13485295110370998,0.0,0.0
5.7072603485752715e-05,0.3535344714666201,0.9056072132995212,0.9054054054054055,0.0,0.3125,0.326086956521749,0.27802690582959144,0.27802690582959144,0.006051437216337163,0.00605143721633894,0.35602692747364273,0.3555555555555543,0.2571378216425799,0.2599118942731309,0.0,0.0,0.0,0.0,0.5384615384615383,0.0,0.5,0.0,0.4615384615384599,0.0,0.5333333333333332,0.0,0.0,0.03432221094729303,0.3241659152389502,0.3243243243243228,0.0,5.0681611748540904e-06,0.02710236952144962,0.4627171046649087,0.4628047509897897,0.4878277670438863,0.4878542510121462,8.54528696904775e-06,0.0540110317254654,4.879869805073599e-06,0.25278790478232904,1.0,0.00011589658378541692,9.766578767456124e-05,0.5413231449829077,0.8574001309757695,0.00035359897456297383,0.06831559364420992,0.355421686746988,0.6030024106947185,0.0,0.0,0.0,0.4336719883889657,0.5,0.5,0.5,0.5,0.4285714285714286,0.0,0.0,0.0,0.0,0.7600000000002183,0.0,0.13474044238428462,0.0,0.0
5.8261616058374877e-05,0.3535781338689255,0.9085657931811777,0.9076576576576576,0.0,0.5625,0.5652173913043725,0.28251121076232266,0.28251121076232977,0.00554715078164314,0.005547150781644028,0.16372412041152984,0.16507936507935028,0.2363412054987677,0.23788546255507015,0.0,0.0,0.0,0.0,0.615384615384615,0.0,0.5,0.0,0.4615384615384599,0.0,0.4666666666666668,0.0,0.0,0.034262520145645556,0.32326420198376127,0.3243243243243228,0.0,5.248938741829333e-06,0.02792834649734144,0.47312903519141586,0.4732235882475515,0.4840187689759868,0.48405870445344146,8.54528696904775e-06,0.054640358345981466,4.879869805073599e-06,0.25696976195582255,1.0,0.00019272690337350203,0.0001953315753491225,0.4765734968831692,0.8280943025540275,0.0002430992950120445,0.05065723260849675,0.44750430292598964,0.6839798378259914,0.0,0.0,0.0,0.4351233671988268,0.5,0.5,0.5,0.5,0.2857142857142856,0.0,0.0,0.0,0.0,0.7799999999988358,0.0,0.13474044238428462,0.0,0.0
5.945062863099704e-05,0.35362179627123086,0.907861369399831,0.9076576576576576,0.0,0.4375000000000071,0.4347826086956843,0.2690582959641148,0.2690582959641219,0.0045385779122533165,0.004538577912254205,0.1995427410135875,0.19999999999998863,0.26735988720479753,0.2687224669603552,0.0,0.0,0.0,0.0,0.5384615384615383,0.0,0.571428571428573,0.0,0.4615384615384599,0.0,0.5333333333333332,0.0,0.0,0.03503850056706262,0.3241659152389502,0.3243243243243228,0.0,5.396963255285244e-06,0.028599452790253554,0.4891106665454215,0.48906022087934975,0.48222467568313554,0.4822874493927123,8.54528696904775e-06,0.05504756968866842,4.879869805073599e-06,0.2600257345056832,1.0,0.00014845180394985967,0.00014649868151184187,0.47798109792881566,0.8288583278760095,0.0003093991027426021,0.061087559852389506,0.37693631669535277,0.6232741617357005,0.0,0.0,0.0,0.43280116110302913,0.5,0.5,0.5,0.5,0.2857142857142856,0.0,0.0,0.0,0.0,0.6999999999989086,0.0,0.13478544587205477,0.0,1.0
6.06396412036192e-05,0.3536654586735362,0.909411101718794,0.9087837837837838,0.0,0.4375000000000071,0.4130434782608745,0.2511210762331757,0.2511210762331757,0.0045385779122533165,0.004538577912254205,0.43274482408230597,0.431746031746016,0.29961226647867534,0.299559471365626,0.0,0.0,0.0,0.0,0.5384615384615383,0.0,0.5,0.0,0.38461538461538325,0.0,0.5333333333333332,0.0,0.0,0.03462066495553036,0.32506762849413917,0.3243243243243228,0.0,5.681132088654302e-06,0.029890041815084478,0.4969537146494499,0.4969785371952491,0.47877449627380625,0.4787449392712553,8.54528696904775e-06,0.05549180024432665,4.879869805073599e-06,0.26458288655372064,1.0,0.00011589658378541692,9.766578767456124e-05,0.4606877136537302,0.8202903296223534,0.00020994939114676577,0.04532007685504286,0.38640275387263334,0.6317115932500548,0.0,0.0,0.0,0.43454281567488806,0.5,0.5,0.5,0.5,0.4285714285714286,0.0,0.0,0.0,0.0,0.7399999999997817,0.0,0.13471794064039955,0.0,0.0
6.182865377624136e-05,0.3537091210758416,0.9111017187940267,0.9110360360360361,0.0,0.4375000000000071,0.4130434782608745,0.2690582959641148,0.2690582959641219,0.006555723651032963,0.006555723651034739,0.4643719039756107,0.46349206349205474,0.2664786746563266,0.2687224669603552,0.0,0.0,0.0,0.0,0.5384615384615383,0.0,0.571428571428573,0.0,0.5384615384615365,0.0,0.4666666666666668,0.0,0.0,0.03468035575717782,0.3237150586113273,0.3243243243243228,0.0,5.640138388683825e-06,0.029683547571111468,0.4814494862235155,0.48155865805376097,0.4807894010488546,0.48076923076923084,8.54528696904775e-06,0.05608410765187133,4.879869805073599e-06,0.26946171992279655,1.0,0.00011589658378541692,9.766578767456124e-05,0.4073999597828273,0.7921305391835844,0.00015469955137130105,0.03406630272347433,0.364027538726334,0.6107823800131491,0.0,0.0,0.0,0.4339622641509351,0.5,0.5,0.5,0.5,0.5714285714285714,0.0,0.0,0.0,0.0,0.7399999999997817,0.0,0.13462793366485926,0.0,0.0
6.301766634886352e-05,0.353752783478147,0.9102564102564104,0.9099099099099099,0.0,0.25,0.23913043478262352,0.2914798206277993,0.2914798206277993,0.0045385779122533165,0.004538577912254205,0.345230534738981,0.34603174603174125,0.26101515685583365,0.26431718061674303,0.0,0.0,0.0,0.0,0.5384615384615383,0.0,0.5,0.0,0.4615384615384599,0.0,0.5333333333333332,0.0,0.0,0.03438190174894049,0.3246167718665163,0.3243243243243228,0.0,5.787218571703507e-06,0.030354653864023584,0.47485677912157864,0.47489060220879376,0.4784984819210599,0.47849190283400844,8.54528696904775e-06,0.05645429978158656,6.099837256342001e-06,0.2725713060261633,1.0,8.07369460078184e-05,4.883289383728062e-05,0.45747033983510965,0.8187077057411045,0.00015469955137130105,0.034981243709780674,0.35456110154905335,0.6019066403681788,0.0,0.0,0.0,0.4339622641509351,0.5,0.5,0.5,0.5,0.4285714285714286,0.0,0.0,0.0,0.0,0.820000000001528,0.0,0.13478544587205477,0.0,0.0
6.420667892148568e-05,0.35379644588045234,0.9106790645252187,0.9099099099099099,0.0,0.25,0.2608695652173765,0.27802690582959144,0.27802690582959144,0.0035300050428634933,0.0035300050428643814,0.1895084465896062,0.1904761904761756,0.24938315121607246,0.2511013215858924,0.0,0.0,0.0,0.0,0.5384615384615383,0.0,0.571428571428573,0.0,0.4615384615384599,0.0,0.5333333333333332,0.0,0.0,0.034978809765415154,0.3264201983768942,0.3288288288288186,0.0,5.862397607526687e-06,0.030664395229982988,0.4667409293443667,0.46676390914773913,0.4781396632624897,0.47798582995951433,8.54528696904775e-06,0.057046607189131016,6.099837256342001e-06,0.2772892987347203,1.0,2.2137549711821183e-05,0.0,0.49949728534084065,0.838899803536346,0.00011049967955092932,0.02583183384671689,0.3037865748709122,0.5507341661187815,0.0,0.0,0.0,0.43454281567488806,0.5,0.5,0.5,0.5,0.4285714285714286,0.0,0.0,0.0,0.0,0.7799999999988358,0.0,0.1347629441281697,0.0,0.0
6.539569149410784e-05,0.35384010828275775,0.9132149901380668,0.9132882882882882,0.0,0.4375000000000071,0.4347826086956843,0.2690582959641148,0.2690582959641219,0.0030257186081676934,0.00302571860816947,0.20106693763495542,0.19999999999998863,0.2821642580190371,0.2819383259911774,0.0,0.0,0.0,0.0,0.5384615384615383,0.0,0.5,0.0,0.4615384615384599,0.0,0.4666666666666668,0.0,0.0,0.03438190174894049,0.32687105500448865,0.3288288288288186,0.0,5.8875012974820015e-06,0.030819265912962912,0.4633991088478676,0.4634298812252551,0.48012696660226334,0.4800101214574899,8.54528696904775e-06,0.05756487617073258,6.099837256342001e-06,0.2822217456573023,1.0,6.9017066748619e-05,4.883289383728062e-05,0.3913130906897246,0.7830168085570837,0.00014364958341620817,0.0318399463234621,0.32099827882960413,0.5689239535393382,0.0,0.0,0.0,0.4354136429607962,0.5,0.5,0.5,0.5,0.2857142857142856,0.0,0.0,0.0,0.0,0.8400000000001455,0.0,0.1346729371526294,0.0,0.0
6.658470406673e-05,0.3538837706850631,0.9132149901380668,0.9132882882882882,0.0,0.4375000000000071,0.4347826086956843,0.26457399103138357,0.26457399103137647,0.00252143217347367,0.002521432173474558,0.41407341547059673,0.4126984126984041,0.31565033486077,0.3171806167400746,0.0,0.0,0.0,0.0,0.4615384615384617,0.0,0.5,0.0,0.4615384615384599,0.0,0.5333333333333332,0.0,0.0,0.03456097415388289,0.3246167718665163,0.3243243243243228,0.0,5.971087457462407e-06,0.031180630839915402,0.4572610712012367,0.45738695561575327,0.48106541540160097,0.48102226720647767,8.54528696904775e-06,0.05812016436530565,6.099837256342001e-06,0.2848488097791123,1.0,0.00014714959514328205,0.00014649868151184187,0.3269656143173136,0.7421414538310411,7.734977568565058e-05,0.018298819726127624,0.2969018932874355,0.542625465702389,0.0,0.0,0.0,0.4336719883889657,0.5,0.5,0.5,0.5,0.2857142857142856,0.0,0.0,0.0,0.0,0.7399999999997817,0.0,0.13471794064039955,0.0,0.0
6.777371663935217e-05,0.35392743308736846,0.9132149901380668,0.9132882882882882,0.0,0.4375000000000071,0.4347826086956843,0.2735426008968602,0.2735426008968602,0.0045385779122533165,0.004538577912254205,0.49091832846437455,0.49206349206347966,0.29502996122664626,0.29515418502202806,0.0,0.0,0.0,0.0,0.5384615384615383,0.0,0.5,0.0,0.4615384615384599,0.0,0.4666666666666668,0.0,0.0,0.03444159255058796,0.32687105500448865,0.3288288288288186,0.0,6.095572597339139e-06,0.031696866449847594,0.4656497226516323,0.46572202542196317,0.4797681479436931,0.47975708502024306,8.54528696904775e-06,0.05852737570799238,6.099837256342001e-06,0.28795839588247907,1.0,0.00016928714485510323,0.00014649868151184187,0.31128091695153837,0.7310085134250164,0.006154832150986761,0.3365762908292415,0.28055077452667815,0.5249835634451021,0.0,0.0,0.0,0.43280116110302913,0.5,0.5,0.5,0.5,0.2857142857142856,0.0,0.0,0.0,0.0,0.7200000000011642,0.0,0.13462793366485926,0.0,0.0
6.896272921197433e-05,0.35397109548967387,0.914342068188222,0.9144144144144144,0.0,0.375,0.36956521739131176,0.2869955156950539,0.286995515695061,0.00504286434694734,0.005042864346949116,0.4036580718912717,0.4031746031745911,0.2585477617201235,0.2599118942731309,0.0,0.0,0.0,0.0,0.4615384615384617,0.0,0.5,0.0,0.4615384615384599,0.0,0.5333333333333332,0.0,0.0,0.03462066495553036,0.3259693417492997,0.3243243243243228,0.0,6.274584926568837e-06,0.032522843425739634,0.47276529962717107,0.47280683475724095,0.48043058239028436,0.4802631578947367,9.766042250340287e-06,0.059045644689593946,6.099837256342001e-06,0.2921402530559726,1.0,0.00014324296872354877,0.00014649868151184187,0.4653126885179973,0.8226369788255838,0.005823333112333974,0.32998871572783556,0.4156626506024096,0.6579005040543502,0.0,0.0,0.0,0.43425253991290447,0.5,0.5,0.5,0.5,0.4285714285714286,0.0,0.0,0.0,0.0,0.820000000001528,0.0,0.1345829301770891,0.0,0.0
7.015174178459649e-05,0.3540147578919792,0.9132149901380668,0.9132882882882882,0.0,0.25,0.2608695652173765,0.27802690582959144,0.27802690582959144,0.00554715078164314,0.005547150781644028,0.20881493712688837,0.20952380952378746,0.2349312654212241,0.23788546255507015,0.0,0.0,0.0,0.0,0.5384615384615383,0.0,0.5,0.0,0.4615384615384599,0.0,0.4666666666666668,0.0,0.0,0.03468035575717782,0.32732191163208313,0.3288288288288186,0.0,6.337005455434395e-06,0.03278096123070595,0.44264344821314905,0.442592206709731,0.47800165608611656,0.47798582995951433,9.766042250340287e-06,0.0596009328841669,6.099837256342001e-06,0.2967510186575165,1.0,3.906626419733158e-05,4.883289383728062e-05,0.47395938065554,0.8268391180964856,0.005558133881411744,0.3243770776784897,0.3958691910499139,0.6405873328950251,0.0,0.0,0.0,0.43483309143685744,0.5,0.5,0.5,0.5,0.4285714285714286,0.0,0.0,0.0,0.0,0.7200000000011642,0.0,0.13469543889651447,0.0,0.0
7.134075435721865e-05,0.3540584202942846,0.9132149901380668,0.9132882882882882,0.0,0.3125,0.326086956521749,0.2735426008968602,0.2735426008968602,0.00504286434694734,0.005042864346949116,0.17744189000381283,0.17777777777776294,0.2698272823405006,0.2731277533039673,0.0,0.0,0.0,0.0,0.5384615384615383,0.0,0.5,0.0,0.4615384615384599,0.0,0.5333333333333332,0.0,0.0,0.03408344774070316,0.32822362488724366,0.3288288288288186,0.0,6.395912730640536e-06,0.033039079035671826,0.4783350004546695,0.47843300687643264,0.4755175269113994,0.47545546558704466,9.766042250340287e-06,0.05997112501388213,6.099837256342001e-06,0.29996783186789633,1.0,4.167068181048692e-05,4.883289383728062e-05,0.43675849587773985,0.8081204977079242,0.005259784746624235,0.3175760163469456,0.35456110154905335,0.6023449484987948,0.0,0.0,0.0,0.4354136429607962,0.5,0.5,0.5,0.5,0.2857142857142856,0.0,0.0,0.0,0.0,0.7399999999997817,0.0,0.13469543889651447,0.0,1.0
7.252976692984081e-05,0.35410208269659,0.9130741053817977,0.9121621621621621,0.0,0.4375000000000071,0.4130434782608745,0.2511210762331757,0.2511210762331757,0.0045385779122533165,0.004538577912254205,0.39108344976501996,0.39047619047617843,0.3026083891434652,0.30396475770925235,0.0,0.0,0.0,0.0,0.4615384615384617,0.0,0.5,0.0,0.4615384615384599,0.0,0.5333333333333332,0.0,0.0,0.03462066495553036,0.32867448151486656,0.3288288288288186,0.0,6.718850777390155e-06,0.034432915182489365,0.4975447849413477,0.4976036674307145,0.472757383383936,0.47267206477732815,9.766042250340287e-06,0.06056343242142659,6.099837256342001e-06,0.3042033025948959,1.0,0.00012240762781830542,9.766578767456124e-05,0.42107379851196464,0.7997707924034052,0.00456363676545338,0.30058861203452375,0.35197934595524955,0.5992767915844837,0.0,0.0,0.0,0.4339622641509351,0.5,0.5,0.5,0.5,0.2857142857142856,0.0,0.0,0.0,0.0,0.6599999999998545,0.0,0.1346729371526294,0.0,0.0
7.371877950246297e-05,0.35414574509889535,0.9132149901380668,0.9132882882882882,0.0,0.3125,0.3043478260869392,0.26008968609863814,0.26008968609864525,0.006555723651032963,0.006555723651034739,0.47923282103391074,0.479365079365067,0.2805780754317979,0.2819383259911774,0.0,0.0,0.0,0.0,0.5384615384615383,0.0,0.5,0.0,0.38461538461538325,0.0,0.5333333333333332,0.0,0.0,0.03456097415388289,0.32822362488724366,0.3288288288288186,0.0,6.841513273415797e-06,0.03494915079242178,0.4839729017004638,0.48405917899562434,0.4701628484681204,0.4701417004048585,9.766042250340287e-06,0.06089660533817043,6.099837256342001e-06,0.3087068410894275,1.0,6.120381390915266e-05,4.883289383728062e-05,0.3595415242308466,0.7636978825583933,0.004729386284779774,0.30494983073591747,0.4130808950086058,0.6557089634012712,0.0,0.0,0.0,0.4333817126269963,0.5,0.5,0.5,0.5,0.4285714285714286,0.0,0.0,0.0,0.0,0.820000000001528,0.0,0.13469543889651447,0.0,0.0
7.490779207508513e-05,0.3541894075012007,0.9132149901380668,0.9132882882882882,0.0,0.5,0.45652173913043725,0.27802690582959144,0.27802690582959144,0.006555723651032963,0.006555723651034739,0.3896862695287666,0.39047619047617843,0.26083891434613804,0.2599118942731309,0.0,0.0,0.0,0.0,0.5384615384615383,0.0,0.5,0.0,0.4615384615384599,0.0,0.5333333333333332,0.0,0.0,0.03450128335223542,0.32822362488724366,0.3288288288288186,0.0,6.893689682746651e-06,0.03515564503639479,0.4726288987905793,0.47259845801208566,0.4692796025393321,0.4691295546558707,9.766042250340287e-06,0.061414874319771884,6.099837256342001e-06,0.3122453356208451,1.0,0.00010157228691306196,9.766578767456124e-05,0.3197265232254173,0.7369569962890199,0.004176887887025127,0.29018878282350785,0.5352839931153184,0.7504930966469427,0.0,0.0,0.0,0.4330914368650127,0.5,0.5,0.5,0.5,0.2857142857142856,0.0,0.0,0.0,0.0,0.8600000000005821,0.0,0.13465043540874255,0.0,0.0
7.609680464759627e-05,0.3542330699035061,0.9157509157509158,0.9155405405405406,0.0,0.625,0.5869565217391255,0.2869955156950539,0.286995515695061,0.006051437216337163,0.00605143721633894,0.24183919725644643,0.2412698412698404,0.25572788156502924,0.25550660792951874,0.0,0.0,0.0,0.0,0.5384615384615383,0.0,0.4285714285714288,0.0,0.4615384615384599,0.0,0.5333333333333332,0.0,0.0,0.03515788217035755,0.3277727682596776,0.3288288288288186,0.0,7.0350952722331005e-06,0.03572350420732029,0.47317450213694645,0.4732235882475515,0.4688655810102126,0.4688765182186234,9.766042250340287e-06,0.06185910487543034,7.319804707610399e-06,0.3174458503109586,1.0,0.00016407830962879234,0.00014649868151184187,0.34868288759300226,0.7567125081859856,0.00392273862405799,0.28280825886730304,0.612736660929432,0.802432610124918,0.0,0.0,0.0,0.4336719883889657,0.5,0.5,0.5,0.5,0.2857142857142856,0.0,0.0,0.0,0.0,0.8000000000010914,0.0,0.13471794064039955,0.0,0.0
7.728581722021843e-05,0.35427673230581147,0.9150464919695687,0.9144144144144144,0.0,0.375,0.39130434782612156,0.28251121076232266,0.28251121076232977,0.00504286434694734,0.005042864346949116,0.16118379270925942,0.16190476190476488,0.27123722241804415,0.2731277533039673,0.0,0.0,0.0,0.0,0.5384615384615383,0.0,0.5,0.0,0.4615384615384599,0.0,0.4666666666666668,0.0,0.0,0.03503850056706262,0.32867448151486656,0.3288288288288186,0.0,7.158001744207314e-06,0.0362397398172527,0.4823133581885969,0.48239216503438254,0.47008004416229643,0.4701417004048585,9.766042250340287e-06,0.062414393070003404,7.319804707610399e-06,0.32001930087926234,1.0,0.00014845180394985967,0.00014649868151184187,0.274281118037402,0.7024121370879721,0.003768039072686688,0.27820305590289424,0.6695352839931153,0.8369493754109139,0.0,0.0,0.0,0.43280116110302913,0.5,0.5,0.5,0.5,0.4285714285714286,0.0,0.0,0.0,0.0,0.8000000000010914,0.0,0.1345829301770891,0.0,0.0
7.84748297928406e-05,0.3543203947081168,0.9133558748943365,0.9132882882882882,0.0,0.3125,0.326086956521749,0.26008968609863814,0.26008968609864525,0.0045385779122533165,0.004538577912254205,0.3045852915025975,0.30476190476188947,0.2959111737751101,0.29515418502202806,0.0,0.0,0.0,0.0,0.4615384615384617,0.0,0.5,0.0,0.4615384615384599,0.0,0.4666666666666668,0.0,0.0,0.03503850056706262,0.32867448151486656,0.3288288288288186,0.0,7.303724272830827e-06,0.03685922254917151,0.48583704646721837,0.485934569702021,0.4721225503726194,0.4721659919028336,9.766042250340287e-06,0.06278458519971863,7.319804707610399e-06,0.3238258631782115,1.0,5.339056106968643e-05,4.883289383728062e-05,0.31429720490649515,0.7331914429163937,0.0035801896174501085,0.27210344932751834,0.6790017211703959,0.8424282270436116,0.0,0.0,0.0,0.4339622641509351,0.5,0.5,0.5,0.5,0.1428571428571428,0.0,0.0,0.0,0.0,0.7600000000002183,0.0,0.13469543889651447,0.0,0.0
7.966384236546276e-05,0.35436405711042224,0.9142011834319528,0.9132882882882882,0.0,0.25,0.2608695652173765,0.25560538116592113,0.2556053811659069,0.004034291477557517,0.004034291477559293,0.47897878826368157,0.479365079365067,0.2818117729996459,0.2819383259911774,0.0,0.0,0.0,0.0,0.5384615384615383,0.0,0.5,0.0,0.4615384615384599,0.0,0.5999999999999996,0.0,0.0,0.03456097415388289,0.32867448151486656,0.3288288288288186,0.0,7.579190340599095e-06,0.03799494089102273,0.4917704828589615,0.49176911856636796,0.4714877173613028,0.4714068825910931,9.766042250340287e-06,0.0633398733942917,7.319804707610399e-06,0.32929444563585675,1.0,3.776405539075375e-05,4.883289383728062e-05,0.32736778604464106,0.7423051735428947,0.00354703971358483,0.27128000243984257,0.580895008605852,0.7817225509533199,0.0,0.0,0.0,0.4351233671988268,0.5,0.5,0.5,0.5,0.2857142857142856,0.0,0.0,0.0,0.0,0.8800000000010186,0.0,0.13474044238428462,0.0,0.0
8.085285493808492e-05,0.3544077195127276,0.9160326852634542,0.9155405405405406,0.0,0.4375000000000071,0.4130434782608745,0.27802690582959144,0.27802690582959144,0.0045385779122533165,0.004538577912254205,0.4288073161437822,0.4285714285714306,0.26612618963694246,0.2687224669603552,0.0,0.0,0.0,0.0,0.5384615384615383,0.0,0.5,0.0,0.4615384615384599,0.0,0.4666666666666668,0.0,0.0,0.03474004655882529,0.3295761947700555,0.3288288288288186,0.0,7.585361496945301e-06,0.03804656445201604,0.46683186323542786,0.4669722858928944,0.4705768699972399,0.47064777327935214,9.766042250340287e-06,0.06382112316292166,7.319804707610399e-06,0.331117306455072,1.0,8.855019884728473e-05,9.766578767456124e-05,0.2744822039010658,0.7025758567998255,0.0035028398417644583,0.26969410473024485,0.6058519793459552,0.7978303747534519,0.0,0.0,0.0,0.4336719883889657,1.0,0.5,0.5,0.5,0.4285714285714286,0.0,0.0,0.0,0.0,0.7600000000002183,0.0,0.1346729371526294,0.0,0.0
8.204186751070708e-05,0.354451381915033,0.9175824175824177,0.9166666666666667,0.0,0.5,0.47826086956524705,0.28251121076232266,0.28251121076232977,0.00554715078164314,0.005547150781644028,0.2739743426902095,0.27301587301586494,0.2553753965456451,0.25550660792951874,0.0,0.0,0.0,0.0,0.5384615384615383,0.0,0.571428571428573,0.0,0.4615384615384599,0.0,0.3999999999999986,0.0,0.0,0.034978809765415154,0.3295761947700555,0.3288288288288186,0.0,7.6149887880176474e-06,0.038149811574002435,0.4695371464944985,0.4696811835799122,0.4701076455975711,0.4701417004048585,9.766042250340287e-06,0.064413430570466,7.319804707610399e-06,0.3377653870898564,1.0,0.0001497540127564374,0.00014649868151184187,0.25940076412628194,0.6899148657498364,0.0032818404826626003,0.26237457683979376,0.536144578313253,0.7511505588428664,0.0,0.0,0.0,0.4333817126269963,1.0,0.5,0.5,0.5,0.5714285714285714,0.0,0.0,0.0,0.0,0.7799999999988358,0.0,0.1347629441281697,0.0,0.0
8.323088008332924e-05,0.35449504431733836,0.9196956889264583,0.9189189189189189,0.0,0.4375000000000071,0.4347826086956843,0.27802690582959144,0.27802690582959144,0.00554715078164314,0.005547150781644028,0.15064143274481978,0.14920634920633802,0.26436376454000765,0.26431718061674303,0.0,0.0,0.0,0.0,0.5384615384615383,0.0,0.5,0.0,0.5384615384615365,0.0,0.4666666666666668,0.0,0.0,0.03474004655882529,0.32867448151486656,0.3288288288288186,0.0,7.673327742778877e-06,0.038356305817975445,0.4414158406838229,0.441550322983955,0.4677615235992272,0.4676113360323888,1.0986797531632824e-05,0.06478362270018134,7.319804707610399e-06,0.3412502680677677,1.0,0.00016277610082221462,0.00014649868151184187,0.2587975065352906,0.6893145601397075,0.0031934407390218564,0.25901979322333707,0.567986230636833,0.7727372342756957,0.0,0.0,0.0,0.43251088534105975,1.0,0.5,0.5,0.5,0.4285714285714286,0.0,0.0,0.0,0.0,0.680000000000291,0.0,0.13469543889651447,0.0,1.0
8.44198926559514e-05,0.3545387067196437,0.9225133840518456,0.9222972972972974,0.0,0.25,0.2608695652173765,0.25560538116592113,0.2556053811659069,0.0045385779122533165,0.004538577912254205,0.30623650450908,0.30476190476188947,0.297673598872052,0.299559471365626,0.0,0.0,0.0,0.0,0.5384615384615383,0.0,0.5,0.0,0.4615384615384599,0.0,0.5333333333333332,0.0,0.0,0.03474004655882529,0.3295761947700555,0.3288288288288186,0.0,7.693204606824218e-06,0.03845955293996184,0.4474856779121579,0.44759324859345684,0.46701628484681207,0.4668522267206474,1.0986797531632824e-05,0.0652648724688113,7.319804707610399e-06,0.34494960325970403,1.0,0.00010027007810648424,9.766578767456124e-05,0.2690528855821436,0.6981008513425018,0.0027514420208181395,0.24252035743694528,0.6419965576592083,0.8204032434801667,0.0,0.0,0.0,0.43280116110302913,1.0,0.5,0.5,0.5,0.2857142857142856,0.0,0.0,0.0,0.0,0.8000000000010914,0.0,0.1346729371526294,0.0,0.0
8.560890522857356e-05,0.3545823691219491,0.9250493096646946,0.9245495495495495,0.0,0.3125,0.326086956521749,0.2511210762331757,0.2511210762331757,0.00554715078164314,0.005547150781644028,0.47288200177822404,0.4730158730158678,0.28762777581953003,0.2907488986784017,0.0,0.0,0.0,0.0,0.5384615384615383,0.0,0.4285714285714288,0.0,0.5384615384615365,0.0,0.5999999999999996,0.0,0.0,0.03462066495553036,0.33047790802521604,0.3333333333333144,0.0,7.856479052218452e-06,0.039130659232873954,0.46369464399381655,0.46363825797041036,0.467927132210875,0.46786437246963564,1.0986797531632824e-05,0.06559804538555514,7.319804707610399e-06,0.3478983487025521,1.0,4.948393464995315e-05,4.883289383728062e-05,0.21254775789262018,0.645437677363021,0.002773541956728325,0.2431608161273598,0.5826161790017211,0.7828183212798601,0.0,0.0,0.0,0.4330914368650127,1.0,0.5,0.5,0.5,0.1428571428571428,0.0,0.0,0.0,0.0,0.6999999999989086,0.0,0.13474044238428462,0.0,0.0
8.679791780119572e-05,0.3546260315242545,0.9295576218653141,0.929054054054054,0.0,0.3125,0.28260869565218627,0.27802690582959144,0.27802690582959144,0.006555723651032963,0.006555723651034739,0.4360472500952568,0.4349206349206298,0.265068734578783,0.26431718061674303,0.0,0.0,0.0,0.0,0.4615384615384617,0.0,0.5,0.0,0.4615384615384599,0.0,0.4666666666666668,0.0,0.0,0.03444159255058796,0.33047790802521604,0.3288288288288186,0.0,8.22627770292536e-06,0.040627742501677666,0.50986632718014,0.5098978953948738,0.46828595086944524,0.4681174089068829,1.0986797531632824e-05,0.06615333358012809,7.319804707610399e-06,0.35358138537422257,1.0,7.422590197492978e-05,4.883289383728062e-05,0.41061733360144786,0.7939860292512553,0.002696192181042675,0.2401415108725487,0.580895008605852,0.7815033968880123,0.0,0.0,0.0,0.4336719883889657,0.5,0.5,0.5,0.5,0.4285714285714286,0.0,0.0,0.0,0.0,0.7600000000002183,0.0,0.13474044238428462,0.0,0.0
8.798693037381788e-05,0.35466969392655984,0.9296985066215833,0.929054054054054,0.0,0.1875000000000071,0.19565217391306078,0.28251121076232266,0.28251121076232977,0.006555723651032963,0.006555723651034739,0.30687158643465295,0.3079365079365033,0.23792738808600689,0.23788546255507015,0.0,0.0,0.0,0.0,0.4615384615384617,0.0,0.5,0.0,0.5384615384615365,0.0,0.5333333333333332,0.0,0.0,0.035217572972005014,0.32912533814246103,0.3288288288288186,0.0,8.468344898486902e-06,0.0415569665995561,0.49511230335546064,0.495103146488852,0.46762351642285405,0.4676113360323888,1.0986797531632824e-05,0.06652352570984343,7.319804707610399e-06,0.35685181213810846,1.0,3.255522016444297e-05,0.0,0.34747637241101953,0.7558393363894347,0.0022873433667042363,0.22217816950806674,0.4922547332185887,0.7192636423405652,0.0,0.0,0.0,0.4336719883889657,0.5,0.5,0.5,0.5,0.0,0.0,0.0,0.0,0.0,0.8800000000010186,0.0,0.13478544587205477,0.0,0.0
8.917594294644005e-05,0.35471335632886525,0.932516201746971,0.9324324324324325,0.0,0.4375000000000071,0.4130434782608745,0.26457399103138357,0.26457399103137647,0.00504286434694734,0.005042864346949116,0.16423218595198819,0.16507936507935028,0.24374339090589103,0.24669603524229444,0.0,0.0,0.0,0.0,0.5384615384615383,0.0,0.5,0.0,0.4615384615384599,0.0,0.5333333333333332,0.0,0.0,0.03485942816212022,0.3318304779080279,0.3333333333333144,0.0,8.65693543642697e-06,0.0422796964534613,0.5221878694189325,0.5221921233590332,0.4674579078112062,0.46735829959514197,1.0986797531632824e-05,0.06707881390441639,8.539772158878798e-06,0.36178425906069067,1.0,6.250602271573038e-05,4.883289383728062e-05,0.26302030967223006,0.6930801135123335,0.002165793719198214,0.216536033425844,0.46557659208261615,0.6986631602016218,0.0,0.0,0.0,0.43425253991290447,0.5,0.5,0.5,0.5,0.4285714285714286,0.0,0.0,0.0,0.0,0.7799999999988358,0.0,0.13465043540874255,0.0,0.0
9.03649555190622e-05,0.3547570187311706,0.9342068188222037,0.9335585585585586,0.0,0.4375000000000071,0.4130434782608745,0.24215246636769905,0.24215246636770615,0.0045385779122533165,0.004538577912254205,0.25962149117236066,0.2603174603174523,0.27264716249559484,0.2731277533039673,0.0,0.0,0.0,0.0,0.5384615384615383,0.0,0.571428571428573,0.0,0.4615384615384599,0.0,0.5333333333333332,0.0,0.0,0.03450128335223542,0.331379621280405,0.3333333333333144,0.0,8.801110870506014e-06,0.042847555624387024,0.4787214694916796,0.4788497603667432,0.46869997239856476,0.4686234817813766,1.0986797531632824e-05,0.06759708288601785,8.539772158878798e-06,0.36660947887626005,1.0,0.00010547891333279502,9.766578767456124e-05,0.2646289965815404,0.6943352979698754,0.0020994939114676566,0.2130287596450029,0.6075731497418244,0.7989261450799912,0.0,0.0,0.0,0.43280116110302913,0.5,0.5,0.5,0.5,0.5714285714285714,0.0,0.0,0.0,0.0,0.8000000000010914,0.0,0.13465043540874255,0.0,0.0
9.155396809168437e-05,0.35480068113347596,0.9342068188222037,0.9335585585585586,0.0,0.5,0.47826086956524705,0.2331838565022366,0.2331838565022366,0.0045385779122533165,0.004538577912254205,0.4514162326940152,0.4507936507936421,0.2839266831159719,0.28634361233480377,0.0,0.0,0.0,0.0,0.5384615384615383,0.0,0.5,0.0,0.5384615384615365,0.0,0.5333333333333332,0.0,0.0,0.03474004655882529,0.331379621280405,0.3333333333333144,0.0,8.741144452652552e-06,0.042641061380414236,0.4588524142948077,0.4588455928318398,0.4656914159536296,0.4655870445344128,1.0986797531632824e-05,0.06796727501573308,8.539772158878798e-06,0.3697190649796268,1.0,0.0001666827272419479,0.00014649868151184187,0.2602051075809371,0.6905697445972494,0.0021547437512431213,0.2156515904724145,0.5258175559380378,0.7436993206223976,0.0,0.0,0.0,0.43425253991290447,0.5,0.5,0.5,0.5,0.5714285714285714,0.0,0.0,0.0,0.0,0.7799999999988358,0.0,0.13471794064039955,0.0,0.0
9.274298066430653e-05,0.35484434353578137,0.9342068188222037,0.9335585585585586,0.0,0.25,0.23913043478262352,0.2735426008968602,0.2735426008968602,0.006555723651032963,0.006555723651034739,0.4531944620856052,0.4539682539682417,0.26577370461755123,0.2687224669603552,0.0,0.0,0.0,0.0,0.4615384615384617,0.0,0.5,0.0,0.4615384615384599,0.0,0.4666666666666668,0.0,0.0,0.03438190174894049,0.3318304779080279,0.3333333333333144,0.0,8.801016150431864e-06,0.042847555624387024,0.45723833772847144,0.45738695561575327,0.46293127242616616,0.46280364372469673,1.0986797531632824e-05,0.06844852478436303,8.539772158878798e-06,0.37331117306455097,1.0,0.0001497540127564374,0.00014649868151184187,0.2539714458073598,0.685112420868806,0.0018011447766801477,0.19695629631888745,0.5430292598967297,0.7561911023449486,0.0,0.0,0.0,0.4330914368650127,0.5,0.5,0.5,0.5,0.4285714285714286,0.0,0.0,0.0,0.0,0.7200000000011642,0.0,0.1346729371526294,0.0,0.0
9.393199323692869e-05,0.3548880059380867,0.9343477035784729,0.9335585585585586,0.0,0.3125,0.28260869565218627,0.28251121076232266,0.28251121076232977,0.006051437216337163,0.00605143721633894,0.3391337482535235,0.3396825396825278,0.2587240042298191,0.2599118942731309,0.0,0.0,0.0,0.0,0.4615384615384617,0.0,0.571428571428573,0.0,0.5384615384615365,0.0,0.4666666666666668,0.0,0.0,0.03474004655882529,0.331379621280405,0.3288288288288186,0.0,8.796756617400342e-06,0.042847555624387024,0.4444166590888424,0.44446759741612807,0.4617444107093569,0.46179149797570807,1.0986797531632824e-05,0.06878169770110687,8.539772158878798e-06,0.3769032811494747,1.0,9.896786929990641e-05,9.766578767456124e-05,0.24391715262417055,0.6761624099541585,0.0016795951291741255,0.18991125072432824,0.48278829604130813,0.7121411352180582,0.0,0.0,0.0,0.4339622641509351,0.5,0.5,0.5,0.5,0.4285714285714286,0.0,0.0,0.0,0.0,0.8000000000010914,0.0,0.1346729371526294,0.0,0.0
9.512100580955085e-05,0.3549316683403921,0.9326570865032402,0.9324324324324325,0.0,0.1250000000000071,0.15217391304349803,0.28251121076232266,0.28251121076232977,0.00504286434694734,0.005042864346949116,0.17629874253778866,0.17777777777776294,0.25378921395841303,0.25550660792951874,0.0,0.0,0.0,0.0,0.5384615384615383,0.0,0.571428571428573,0.0,0.4615384615384599,0.0,0.5333333333333332,0.0,0.0,0.03462066495553036,0.33092876465283894,0.3333333333333144,0.0,8.980820683918098e-06,0.043570285478292226,0.46919614440301904,0.4692644300896016,0.4627656638145184,0.46280364372469673,1.0986797531632824e-05,0.06926294746973682,8.539772158878798e-06,0.3811923654299808,1.0,2.2137549711821183e-05,0.0,0.2648300824452041,0.6945535909190135,0.0018232447125903332,0.19860319009423888,0.5886402753872633,0.7864343633574402,0.0,0.0,0.0,0.4330914368650127,0.5,0.5,0.5,0.5,0.7142857142857142,0.0,0.0,0.0,0.0,0.7200000000011642,0.0,0.1346729371526294,0.0,1.0
9.631001838217301e-05,0.3549753307426975,0.9305438151592,0.9301801801801801,0.0,0.375,0.3478260869565588,0.26457399103138357,0.26457399103137647,0.0035300050428634933,0.0035300050428643814,0.22050044455734508,0.21904761904761472,0.28798026083891415,0.2907488986784017,0.0,0.0,0.0,0.0,0.5384615384615383,0.0,0.5,0.0,0.5384615384615365,0.0,0.5333333333333332,0.0,0.0,0.03485942816212022,0.3340847610459434,0.3333333333333144,0.0,9.285658585589033e-06,0.04470600382014367,0.48697372010548334,0.48697645342779783,0.46301407673199013,0.46305668016194357,1.0986797531632824e-05,0.06974419723836678,8.539772158878798e-06,0.3853742226034743,1.0,7.292369316835206e-05,4.883289383728062e-05,0.23285743012266238,0.6658480681074002,0.0015027956418926386,0.1787489706913904,0.48106712564543885,0.710278325662941,0.0,0.0,0.0,0.4336719883889657,0.5,0.5,0.5,0.5,0.2857142857142856,0.0,0.0,0.0,0.0,0.8000000000010914,0.0,0.1346729371526294,0.0,0.0
9.749903095479517e-05,0.35501899314500285,0.9263172724711188,0.9256756756756757,0.0,0.4375000000000071,0.4130434782608745,0.2511210762331757,0.2511210762331757,0.00504286434694734,0.005042864346949116,0.4444303315127627,0.44444444444442865,0.29996475149806656,0.299559471365626,0.0,0.0,0.0,0.0,0.5384615384615383,0.0,0.5,0.0,0.4615384615384599,0.0,0.5333333333333332,0.0,0.0,0.03408344774070316,0.33363390441837737,0.3333333333333144,0.0,9.530357851089866e-06,0.04563522791802188,0.49006547240156406,0.4901021046051257,0.4602815346398013,0.4602732793522266,1.2207552812925355e-05,0.07015140858105351,8.539772158878798e-06,0.3901994424190437,1.0,0.00015496284798274828,0.00014649868151184187,0.2290367987130505,0.6621370879720585,0.0015580454816681033,0.1827137149653847,0.5154905335628227,0.7362480824019288,0.0,0.0,0.0,0.4339622641509351,0.5,0.5,0.5,0.5,0.4285714285714286,0.0,0.0,0.0,0.0,0.7799999999988358,0.0,0.13462793366485926,0.0,0.0
9.868804352741734e-05,0.3550626555473082,0.9234995773457311,0.9234234234234233,0.0,0.5,0.47826086956524705,0.2690582959641148,0.2690582959641219,0.0045385779122533165,0.004538577912254205,0.4731360345484532,0.4730158730158678,0.27123722241804415,0.2731277533039673,0.0,0.0,0.0,0.0,0.5384615384615383,0.0,0.5,0.0,0.4615384615384599,0.0,0.5333333333333332,0.0,0.0,0.03462066495553036,0.3340847610459434,0.337837837837867,0.0,9.594509174037641e-06,0.04589334572298798,0.4834727652996272,0.4834340487601585,0.46342809826110964,0.4633097165991904,1.2207552812925355e-05,0.07074371598859808,8.539772158878798e-06,0.39373793695046133,1.0,0.00015496284798274828,0.00014649868151184187,0.24271063744218782,0.6750163719711855,0.001116046763464386,0.15145323126658328,0.5266781411359724,0.7444663598509751,0.0,0.0,0.0,0.43454281567488806,0.5,0.5,0.5,0.5,0.4285714285714286,0.0,0.0,0.0,0.0,0.7200000000011642,0.0,0.13462793366485926,0.0,0.0
9.98770561000395e-05,0.3551063179496136,0.9220907297830376,0.9222972972972974,0.0,0.375,0.36956521739131176,0.2869955156950539,0.286995515695061,0.006051437216337163,0.00605143721633894,0.3428172234218181,0.34285714285712743,0.26066267183644953,0.2599118942731309,0.0,0.0,0.0,0.0,0.5384615384615383,0.0,0.4285714285714288,0.0,0.4615384615384599,0.0,0.5333333333333332,0.0,0.0,0.03456097415388289,0.3331830477907829,0.3333333333333144,0.0,9.787565906989195e-06,0.0466160755768934,0.4867691188505956,0.48676807668264255,0.4595638973226608,0.45951417004048567,1.2207552812925355e-05,0.0710768889053418,8.539772158878798e-06,0.3989384516405746,1.0,0.00013542971588408265,0.00014649868151184187,0.194047858435552,0.6253001528050646,0.0010276470198236425,0.14364573485010212,0.5972461273666092,0.7923515231207536,0.0,0.0,0.0,0.4330914368650127,0.5,0.5,0.5,0.5,0.2857142857142856,0.0,0.0,0.0,0.0,0.7799999999988358,0.0,0.13474044238428462,0.0,0.0
0.00010106606867266166,0.35514998035191897,0.9206818822203438,0.920045045045045,0.0,0.625,0.5869565217391255,0.28251121076232266,0.28251121076232977,0.00554715078164314,0.005547150781644028,0.1840467420297216,0.18412698412697637,0.25431794148748565,0.25550660792951874,0.0,0.0,0.0,0.0,0.5384615384615383,0.0,0.5,0.0,0.4615384615384599,0.0,0.5333333333333332,0.0,0.0,0.03485942816212022,0.33363390441837737,0.3333333333333144,0.0,9.929651758826363e-06,0.04713231118682559,0.4759707192870783,0.4759324859345697,0.4623516422853988,0.4622975708502026,1.2207552812925355e-05,0.07166919631288637,8.539772158878798e-06,0.40333476302809335,1.0,0.00015756726559590373,0.00014649868151184187,0.21616730343856827,0.6492578039729318,0.007447678401732633,0.3601207722101924,0.5378657487091223,0.7520271751040981,0.0,0.0,0.0,0.431930333817121,0.5,0.5,0.5,0.5,0.4285714285714286,0.0,0.0,0.0,0.0,0.6599999999998545,0.0,0.13469543889651447,0.0,0.0
0.00010225508124528382,0.3551936427542243,0.9191321499013807,0.9189189189189189,0.0,0.5,0.5,0.26457399103138357,0.26457399103137647,0.0030257186081676934,0.00302571860816947,0.21237139591006837,0.21269841269840128,0.2818117729996459,0.2819383259911774,0.0,0.0,0.0,0.0,0.5384615384615383,0.0,0.4285714285714288,0.0,0.4615384615384599,0.0,0.4666666666666668,0.0,0.0,0.03474004655882529,0.33228133453559394,0.3333333333333144,0.0,9.940122632477972e-06,0.0471839347478189,0.48888333181776855,0.48885184413419447,0.46193762075627937,0.46179149797570807,1.2207552812925355e-05,0.07203938844260172,9.7597396101472e-06,0.4067660304524984,1.0,0.00014324296872354877,0.00014649868151184187,0.35290569072994177,0.759386596812923,0.0066520807089659436,0.34618317118545844,0.39931153184165236,0.6436554898093358,0.0,0.0,0.0,0.43280116110302913,0.5,0.5,0.5,0.5,0.2857142857142856,0.0,0.0,0.0,0.0,0.7399999999997817,0.0,0.13471794064039955,0.0,0.0
0.00010344409381790598,0.35523730515652974,0.9178641870949564,0.9177927927927927,0.0,0.3125,0.3043478260869392,0.2511210762331757,0.2511210762331757,0.0030257186081676934,0.00302571860816947,0.4370633811761735,0.43809523809522943,0.30014099400775507,0.299559471365626,0.0,0.0,0.0,0.0,0.5384615384615383,0.0,0.5,0.0,0.4615384615384599,0.0,0.4666666666666668,0.0,0.0,0.03468035575717782,0.3331830477907829,0.337837837837867,0.0,1.0366957119350213e-05,0.04873264157761614,0.5230744748567792,0.5230256303396539,0.4635937068727574,0.46356275303643724,1.2207552812925355e-05,0.07252063821123167,9.7597396101472e-06,0.41148402316105515,1.0,0.00012501204543146076,9.766578767456124e-05,0.2368791473959381,0.6696136214800263,0.00629848173440297,0.33941260788679134,0.4698795180722891,0.7017313171159325,0.0,0.0,0.0,0.4330914368650127,0.5,0.5,0.5,0.5,0.5714285714285714,0.0,0.0,0.0,0.0,0.7399999999997817,0.0,0.13474044238428462,0.0,0.0
0.00010463310639052814,0.3552809675588351,0.9177233023386868,0.9177927927927927,0.0,0.25,0.2608695652173765,0.27802690582959144,0.27802690582959144,0.0045385779122533165,0.004538577912254205,0.48926711545789203,0.48888888888888005,0.27652449770884857,0.27753303964757947,0.0,0.0,0.0,0.0,0.5384615384615383,0.0,0.5,0.0,0.4615384615384599,0.0,0.5333333333333332,0.0,0.0,0.03456097415388289,0.3340847610459434,0.3333333333333144,0.0,1.0644937574541401e-05,0.04971348923648766,0.4861098481404019,0.48614294644717626,0.4623792437206735,0.4622975708502026,1.2207552812925355e-05,0.07285381112797551,9.7597396101472e-06,0.41566588033454865,1.0,1.3022088065777122e-05,0.0,0.49688316911321145,0.8376991923160881,0.006165882118941855,0.336942267223764,0.3907056798623064,0.6358755204909052,0.0,0.0,0.0,0.43222060957909036,0.5,0.5,0.5,0.5,0.4285714285714286,0.0,0.0,0.0,0.0,0.680000000000291,0.0,0.13471794064039955,0.0,0.0
0.0001058221189631503,0.35532462996114045,0.9177233023386868,0.9177927927927927,0.0,0.375,0.3478260869565588,0.30044843049327596,0.30044843049326886,0.0045385779122533165,0.004538577912254205,0.3872729582116037,0.3873015873015788,0.25907648924921034,0.2599118942731309,0.0,0.0,0.0,0.0,0.4615384615384617,0.0,0.5,0.0,0.4615384615384599,0.0,0.4666666666666668,0.0,0.0,0.03479973736047275,0.3340847610459434,0.3333333333333144,0.0,1.0377241423158799e-05,0.04878426513860923,0.4322315176866418,0.43238174619712444,0.4623792437206735,0.4622975708502026,1.2207552812925355e-05,0.07333506089660524,9.7597396101472e-06,0.4202230323825865,1.0,7.292369316835206e-05,4.883289383728062e-05,0.38628594409813,0.7799607072691552,0.005491834073681185,0.32269968587026127,0.4870912220309811,0.7155380232303308,0.0,0.0,0.0,0.4336719883889657,0.5,0.5,0.5,0.5,0.4285714285714286,0.0,0.0,0.0,0.0,0.820000000001528,0.0,0.13469543889651447,0.0,0.0
0.00010701113153577246,0.35536829236344586,0.9191321499013807,0.9189189189189189,0.0,0.4375000000000071,0.4347826086956843,0.29596412556053053,0.29596412556053764,0.0035300050428634933,0.0035300050428643814,0.22913755874507302,0.22857142857142776,0.25925273175890595,0.2599118942731309,0.0,0.0,0.0,0.0,0.5384615384615383,0.0,0.5,0.0,0.4615384615384599,0.0,0.4666666666666668,0.0,0.0,0.03456097415388289,0.3345356176735663,0.3333333333333144,0.0,1.0327556438808644e-05,0.04857777089463644,0.4370055469673548,0.43696603459053973,0.46226883797957496,0.4622975708502026,1.2207552812925355e-05,0.0737792914522637,9.7597396101472e-06,0.4251554793051683,1.0,0.00011719879259199442,9.766578767456124e-05,0.3617534687311482,0.7650622134905043,0.005712833432783044,0.32757937113056207,0.6006884681583476,0.7944334867411789,0.0,0.0,0.0,0.4330914368650127,0.5,0.5,0.5,0.5,0.4285714285714286,0.0,0.0,0.0,0.0,0.8800000000010186,0.0,0.1346729371526294,0.0,1.0
0.00010820014410839462,0.3554119547657512,0.9191321499013807,0.9189189189189189,0.0,0.4375000000000071,0.4130434782608745,0.2914798206277993,0.2914798206277993,0.00252143217347367,0.002521432173474558,0.18709513527245036,0.18730158730157598,0.27652449770884857,0.27753303964757947,0.0,0.0,0.0,0.0,0.4615384615384617,0.0,0.5,0.0,0.4615384615384599,0.0,0.3999999999999986,0.0,0.0,0.03485942816212022,0.3349864743011324,0.337837837837867,0.0,1.0542169164392763e-05,0.04935212430953495,0.45480585614258434,0.45488643467389034,0.4613579906155121,0.4612854251012144,1.2207552812925355e-05,0.07429756043386515,9.7597396101472e-06,0.42981985846021875,1.0,0.00018882027695376897,0.0001953315753491225,0.38367182787050075,0.7784326566251909,0.00501668545161219,0.3117813901003385,0.5111876075731497,0.7331799254876177,0.0,0.0,0.0,0.4330914368650127,0.5,0.5,0.5,0.5,0.4285714285714286,0.0,0.0,0.0,0.0,0.8400000000001455,0.0,0.13471794064039955,0.0,0.0
0.00010938915668101679,0.3554556171680566,0.9191321499013807,0.9189189189189189,0.0,0.4375000000000071,0.4347826086956843,0.2511210762331757,0.2511210762331757,0.004034291477557517,0.004034291477559293,0.3854947288200137,0.384126984126965,0.29168135354247937,0.2907488986784017,0.0,0.0,0.0,0.0,0.5384615384615383,0.0,0.5,0.0,0.4615384615384599,0.0,0.5333333333333332,0.0,0.0,0.03438190174894049,0.3349864743011324,0.3333333333333144,0.0,1.0687868730574056e-05,0.049868359919467364,0.46201236700918435,0.46197124400916856,0.4581838255589291,0.4579959514170042,1.2207552812925355e-05,0.07466775256358038,9.7597396101472e-06,0.43389448852669965,1.0,0.0001445451775301266,0.00014649868151184187,0.3504926603659763,0.7578585461689586,0.005414484297995535,0.32108329012778664,0.5017211703958692,0.7260574183651107,0.0,0.0,0.0,0.4330914368650127,0.5,0.5,0.5,0.5,0.4285714285714286,0.0,0.0,0.0,0.0,0.6999999999989086,0.0,0.1346729371526294,0.0,0.0
0.00011057816925363895,0.355499279570362,0.9185686108763031,0.9177927927927927,0.0,0.3125,0.326086956521749,0.25560538116592113,0.2556053811659069,0.006555723651032963,0.006555723651034739,0.49269655785596456,0.49206349206347966,0.27070849488897153,0.2731277533039673,0.0,0.0,0.0,0.0,0.5384615384615383,0.0,0.5,0.0,0.4615384615384599,0.0,0.4666666666666668,0.0,0.0,0.03479973736047275,0.33588818755634975,0.337837837837867,0.0,1.0818352808480356e-05,0.05033297196840647,0.4451895971628626,0.44530110439674964,0.45895666574661886,0.459008097165992,1.2207552812925355e-05,0.07507496390626733,9.7597396101472e-06,0.4383444134677247,1.0,9.896786929990641e-05,9.766578767456124e-05,0.305047255177961,0.7264243614931238,0.00456363676545338,0.3007411021989081,0.34337349397590355,0.5911680911680912,0.0,0.0,0.0,0.4330914368650127,1.0,0.5,0.5,0.5,0.1428571428571428,0.0,0.0,0.0,0.0,0.7799999999988358,0.0,0.13474044238428462,0.0,0.0
0.00011176718182626111,0.35554294197266734,0.9161735700197238,0.9155405405405406,0.0,0.3125,0.3043478260869392,0.27802690582959144,0.27802690582959144,0.006555723651032963,0.006555723651034739,0.4014987933443379,0.3999999999999915,0.2599577017976742,0.2599118942731309,0.0,0.0,0.0,0.0,0.5384615384615383,0.0,0.5,0.0,0.4615384615384599,0.0,0.4666666666666668,0.0,0.0,0.03468035575717782,0.3354373309287553,0.3333333333333144,0.0,1.0989107269427249e-05,0.05095245470032528,0.46646812767118306,0.46655553240258385,0.46072315760419547,0.46077935222672073,1.3428308094217892e-05,0.07555621367489729,9.7597396101472e-06,0.44306240617628123,1.0,4.687951703679792e-05,4.883289383728062e-05,0.3054494269052886,0.726697227679546,0.004287387566576056,0.2931470920125651,0.4182444061962134,0.6597633136094674,0.0,0.0,0.0,0.43251088534105975,1.0,0.5,0.5,0.5,0.5714285714285714,0.0,0.0,0.0,0.0,0.7799999999988358,0.0,0.13469543889651447,0.0,0.0
0.00011295619439888327,0.35558660437497275,0.915469146238377,0.9155405405405406,0.0,0.3125,0.326086956521749,0.28251121076232266,0.28251121076232977,0.006051437216337163,0.00605143721633894,0.24768195097167478,0.24761904761903963,0.2546704265068769,0.25550660792951874,0.0,0.0,0.0,0.0,0.4615384615384617,0.0,0.5,0.0,0.4615384615384599,0.0,0.5333333333333332,0.0,0.0,0.03462066495553036,0.3349864743011324,0.3333333333333144,0.0,1.1307208851784608e-05,0.0520881730421765,0.484291170319178,0.4842675557407792,0.4633452939552857,0.4633097165991904,1.3428308094217892e-05,0.07607448265649863,9.7597396101472e-06,0.4475123311173065,1.0,0.0001093855397525283,9.766578767456124e-05,0.2455258395334808,0.6775267408862695,0.004066388207474197,0.2869864893714355,0.38898450946643714,0.6341222879684414,0.0,0.0,0.0,0.4333817126269963,1.0,0.5,0.5,0.5,0.4285714285714286,0.0,0.0,0.0,0.0,0.6400000000012369,0.0,0.13474044238428462,0.0,0.0
0.00011414520697150543,0.3556302667772781,0.9150464919695687,0.9144144144144144,0.0,0.1250000000000071,0.15217391304349803,0.27802690582959144,0.27802690582959144,0.00504286434694734,0.005042864346949116,0.17439349676107696,0.17460317460316332,0.2569615791328914,0.2599118942731309,0.0,0.0,0.0,0.0,0.5384615384615383,0.0,0.4285714285714288,0.0,0.5384615384615365,0.0,0.4666666666666668,0.0,0.0,0.03456097415388289,0.33588818755634975,0.337837837837867,0.0,1.1405993278208349e-05,0.052397914408135904,0.47940347367463854,0.47947489060220905,0.46395252553132765,0.4638157894736845,1.3428308094217892e-05,0.0765187132121572,1.0979707061415598e-05,0.45153334763028086,1.0,6.511044032888593e-05,4.883289383728062e-05,0.2970038206314096,0.720312158917267,0.003558089681539923,0.2716154808014883,0.35714285714285715,0.6043173350865658,0.0,0.0,0.0,0.43483309143685744,1.0,0.5,0.5,0.5,0.2857142857142856,0.0,0.0,0.0,0.0,0.8400000000001455,0.0,0.1347629441281697,0.0,0.0
0.00011533421954412759,0.35567392917958346,0.9160326852634542,0.9155405405405406,0.0,0.375,0.39130434782612156,0.25560538116592113,0.2556053811659069,0.0045385779122533165,0.004538577912254205,0.3343071256192047,0.3333333333333286,0.28974268593584895,0.2907488986784017,0.0,0.0,0.0,0.0,0.5384615384615383,0.0,0.5,0.0,0.5384615384615365,0.0,0.5333333333333332,0.0,0.0,0.03456097415388289,0.3367899008115387,0.337837837837867,0.0,1.1568492741177714e-05,0.052965773579061626,0.4779257979448941,0.4780162533861221,0.4628760695556169,0.46280364372469673,1.3428308094217892e-05,0.07692592455484393,1.0979707061415598e-05,0.45555436414325545,1.0,5.2088352263108704e-05,4.883289383728062e-05,0.24049869294188622,0.6730517354289458,0.0039669384958783615,0.28399768214950133,0.346815834767642,0.5946745562130176,0.0,0.0,0.0,0.4333817126269963,0.5,0.5,0.5,0.5,0.4285714285714286,0.0,0.0,0.0,0.0,0.7799999999988358,0.0,0.1346729371526294,0.0,0.0
0.00011652323211663873,0.35571759158188887,0.9132149901380668,0.9132882882882882,0.0,0.4375000000000071,0.45652173913043725,0.26008968609863814,0.26008968609864525,0.00504286434694734,0.005042864346949116,0.4906642956941383,0.49206349206347966,0.28463165315474015,0.28634361233480377,0.0,0.0,0.0,0.0,0.5384615384615383,0.0,0.5,0.0,0.4615384615384599,0.0,0.5333333333333332,0.0,0.0,0.03450128335223542,0.3363390441839158,0.337837837837867,0.0,1.1643396227694272e-05,0.05322389138402772,0.46194416659088844,0.46197124400916856,0.4622412365443003,0.4622975708502026,1.3428308094217892e-05,0.07737015511050238,1.0979707061415598e-05,0.4598970619772679,1.0,7.813252839466306e-05,4.883289383728062e-05,0.23466720289563645,0.6675944117005019,0.003248690578797321,0.2612156515904724,0.35800344234079173,0.6057418365110674,0.0,0.0,0.0,0.4339622641509351,0.5,0.5,0.5,0.5,0.4285714285714286,0.0,0.0,0.0,0.0,0.7799999999988358,0.0,0.13471794064039955,0.0,0.0
